deltaM;channel;partialWidth;fpi
1.0000E-01;~H+ -> u,D,~X;3.9435E-18;0
1.0000E-01;~H+ -> ne,E,~X;1.4527E-18;0
1.0000E-01;~H+ -> u,D,~X;3.9435E-18;1
1.0000E-01;~H+ -> ne,E,~X;1.4527E-18;1
1.0000E-01;total;5.3962E-18;-1
1.5000E-01;~H+ -> u,D,~X;3.1654E-17;0
1.5000E-01;~H+ -> ne,E,~X;1.1030E-17;0
1.5000E-01;~H+ -> nm,M,~X;6.9695E-19;0
1.5000E-01;~H+ -> u,D,~H3;9.0051E-20;0
1.5000E-01;~H+ -> ne,E,~H3;4.5403E-20;0
1.5000E-01;~H+ -> ~X,pi+;4.4872E-16;1
1.5000E-01;total;4.4872E-16;-1
2.0000E-01;~H+ -> u,D,~X;1.3598E-16;0
2.0000E-01;~H+ -> ne,E,~X;4.6472E-17;0
2.0000E-01;~H+ -> nm,M,~X;1.1606E-17;0
2.0000E-01;~H+ -> u,D,~H3;3.9435E-18;0
2.0000E-01;~H+ -> ne,E,~H3;1.4527E-18;0
2.0000E-01;~H+ -> ~X,pi+;2.0815E-15;1
2.0000E-01;total;2.0815E-15;-1
2.5000E-01;~H+ -> u,D,~X;4.1867E-16;0
2.5000E-01;~H+ -> ne,E,~X;1.4180E-16;0
2.5000E-01;~H+ -> nm,M,~X;5.9887E-17;0
2.5000E-01;~H+ -> u,D,~H3;3.1654E-17;0
2.5000E-01;~H+ -> ne,E,~H3;1.1030E-17;0
2.5000E-01;~H+ -> nm,M,~H3;6.9695E-19;0
2.5000E-01;~H+ -> ~X,pi+;4.7089E-15;1
2.5000E-01;total;4.7089E-15;-1
3.0000E-01;~H+ -> u,D,~X;1.0467E-15;0
3.0000E-01;~H+ -> ne,E,~X;3.5279E-16;0
3.0000E-01;~H+ -> nm,M,~X;1.9485E-16;0
3.0000E-01;~H+ -> u,D,~H3;1.3598E-16;0
3.0000E-01;~H+ -> ne,E,~H3;4.6472E-17;0
3.0000E-01;~H+ -> nm,M,~H3;1.1606E-17;0
3.0000E-01;~H+ -> ~X,pi+;8.6808E-15;1
3.0000E-01;total;8.6808E-15;-1
3.5000E-01;~H+ -> u,D,~X;2.2687E-15;0
3.5000E-01;~H+ -> ne,E,~X;7.6241E-16;0
3.5000E-01;~H+ -> nm,M,~X;4.9313E-16;0
3.5000E-01;~H+ -> u,D,~H3;4.1867E-16;0
3.5000E-01;~H+ -> ne,E,~H3;1.4180E-16;0
3.5000E-01;~H+ -> nm,M,~H3;5.9887E-17;0
3.5000E-01;~H+ -> ~X,pi+;1.4279E-14;1
3.5000E-01;total;1.4279E-14;-1
4.0000E-01;~H+ -> u,D,~X;4.4310E-15;0
4.0000E-01;~H+ -> ne,E,~X;1.4862E-15;0
4.0000E-01;~H+ -> nm,M,~X;1.0641E-15;0
4.0000E-01;~H+ -> u,D,~H3;1.0467E-15;0
4.0000E-01;~H+ -> ne,E,~H3;3.5279E-16;0
4.0000E-01;~H+ -> nm,M,~H3;1.9485E-16;0
4.0000E-01;~H+ -> ~X,pi+;2.1779E-14;1
4.0000E-01;total;2.1779E-14;-1
4.5000E-01;~H+ -> u,D,~X;7.9940E-15;0
4.5000E-01;~H+ -> ne,E,~X;2.6778E-15;0
4.5000E-01;~H+ -> u,D,~H3;2.2687E-15;0
4.5000E-01;~H+ -> nm,M,~X;2.0551E-15;0
4.5000E-01;~H+ -> ne,E,~H3;7.6241E-16;0
4.5000E-01;~H+ -> nm,M,~H3;4.9313E-16;0
4.5000E-01;~H+ -> ~X,pi+;3.1452E-14;1
4.5000E-01;total;3.1452E-14;-1
5.0000E-01;~H+ -> u,D,~X;1.3549E-14;0
5.0000E-01;~H+ -> ne,E,~X;4.5343E-15;0
5.0000E-01;~H+ -> u,D,~H3;4.4310E-15;0
5.0000E-01;~H+ -> nm,M,~X;3.6570E-15;0
5.0000E-01;~H+ -> ne,E,~H3;1.4862E-15;0
5.0000E-01;~H+ -> nm,M,~H3;1.0641E-15;0
5.0000E-01;~H+ -> ~X,pi+;4.3572E-14;1
5.0000E-01;total;4.3572E-14;-1
5.5000E-01;~H+ -> u,D,~X;2.1832E-14;0
5.5000E-01;~H+ -> u,D,~H3;7.9940E-15;0
5.5000E-01;~H+ -> ne,E,~X;7.3014E-15;0
5.5000E-01;~H+ -> nm,M,~X;6.1096E-15;0
5.5000E-01;~H+ -> ne,E,~H3;2.6778E-15;0
5.5000E-01;~H+ -> nm,M,~H3;2.0551E-15;0
5.5000E-01;~H+ -> ~X,pi+;5.8410E-14;1
5.5000E-01;total;5.8410E-14;-1
6.0000E-01;~H+ -> u,D,~X;3.3745E-14;0
6.0000E-01;~H+ -> u,D,~H3;1.3549E-14;0
6.0000E-01;~H+ -> ne,E,~X;1.1279E-14;0
6.0000E-01;~H+ -> nm,M,~X;9.7070E-15;0
6.0000E-01;~H+ -> ne,E,~H3;4.5343E-15;0
6.0000E-01;~H+ -> nm,M,~H3;3.6570E-15;0
6.0000E-01;~H+ -> ~X,pi+;7.6237E-14;1
6.0000E-01;total;7.6237E-14;-1
6.5000E-01;~H+ -> u,D,~X;5.0365E-14;0
6.5000E-01;~H+ -> u,D,~H3;2.1832E-14;0
6.5000E-01;~H+ -> ne,E,~X;1.6828E-14;0
6.5000E-01;~H+ -> nm,M,~X;1.4803E-14;0
6.5000E-01;~H+ -> ne,E,~H3;7.3014E-15;0
6.5000E-01;~H+ -> nm,M,~H3;6.1096E-15;0
6.5000E-01;~H+ -> ~X,pi+;9.7323E-14;1
6.5000E-01;total;9.7323E-14;-1
7.0000E-01;~H+ -> u,D,~X;7.2968E-14;0
7.0000E-01;~H+ -> u,D,~H3;3.3745E-14;0
7.0000E-01;~H+ -> ne,E,~X;2.4372E-14;0
7.0000E-01;~H+ -> nm,M,~X;2.1816E-14;0
7.0000E-01;~H+ -> ne,E,~H3;1.1279E-14;0
7.0000E-01;~H+ -> nm,M,~H3;9.7070E-15;0
7.0000E-01;~H+ -> ~X,pi+;1.2194E-13;1
7.0000E-01;total;1.2194E-13;-1
7.5000E-01;~H+ -> u,D,~X;1.0304E-13;0
7.5000E-01;~H+ -> u,D,~H3;5.0365E-14;0
7.5000E-01;~H+ -> ne,E,~X;3.4407E-14;0
7.5000E-01;~H+ -> nm,M,~X;3.1235E-14;0
7.5000E-01;~H+ -> ne,E,~H3;1.6828E-14;0
7.5000E-01;~H+ -> nm,M,~H3;1.4803E-14;0
7.5000E-01;~H+ -> ~X,pi+;1.5036E-13;1
7.5000E-01;total;1.5036E-13;-1
8.0000E-01;~H+ -> u,D,~X;1.4229E-13;0
8.0000E-01;~H+ -> u,D,~H3;7.2968E-14;0
8.0000E-01;~H+ -> ne,E,~X;4.7504E-14;0
8.0000E-01;~H+ -> nm,M,~X;4.3626E-14;0
8.0000E-01;~H+ -> ne,E,~H3;2.4372E-14;0
8.0000E-01;~H+ -> nm,M,~H3;2.1816E-14;0
8.0000E-01;~H+ -> c,S,~X;1.0208E-15;0
8.0000E-01;~H+ -> ~X,pi+;1.8285E-13;1
8.0000E-01;total;1.8285E-13;-1
8.5000E-01;~H+ -> u,D,~X;1.9268E-13;0
8.5000E-01;~H+ -> u,D,~H3;1.0304E-13;0
8.5000E-01;~H+ -> ne,E,~X;6.4315E-14;0
8.5000E-01;~H+ -> nm,M,~X;5.9634E-14;0
8.5000E-01;~H+ -> ne,E,~H3;3.4407E-14;0
8.5000E-01;~H+ -> nm,M,~H3;3.1235E-14;0
8.5000E-01;~H+ -> c,S,~X;5.1990E-15;0
8.5000E-01;~H+ -> ~X,pi+;2.1968E-13;1
8.5000E-01;total;2.1968E-13;-1
9.0000E-01;~H+ -> u,D,~X;2.5642E-13;0
9.0000E-01;~H+ -> u,D,~H3;1.4229E-13;0
9.0000E-01;~H+ -> ne,E,~X;8.5580E-14;0
9.0000E-01;~H+ -> nm,M,~X;7.9993E-14;0
9.0000E-01;~H+ -> ne,E,~H3;4.7504E-14;0
9.0000E-01;~H+ -> nm,M,~H3;4.3626E-14;0
9.0000E-01;~H+ -> c,S,~X;1.4128E-14;0
9.0000E-01;~H+ -> c,S,~H3;1.0212E-15;0
9.0000E-01;~H+ -> ~X,pi+;2.6112E-13;1
9.0000E-01;total;2.6112E-13;-1
9.5000E-01;~H+ -> u,D,~X;3.3601E-13;0
9.5000E-01;~H+ -> u,D,~H3;1.9268E-13;0
9.5000E-01;~H+ -> ne,E,~X;1.1213E-13;0
9.5000E-01;~H+ -> nm,M,~X;1.0553E-13;0
9.5000E-01;~H+ -> ne,E,~H3;6.4315E-14;0
9.5000E-01;~H+ -> nm,M,~H3;5.9634E-14;0
9.5000E-01;~H+ -> c,S,~X;2.9684E-14;0
9.5000E-01;~H+ -> c,S,~H3;5.2001E-15;0
9.5000E-01;~H+ -> ~X,pi+;3.0745E-13;1
9.5000E-01;total;3.0745E-13;-1
1.0000E+00;~H+ -> u,D,~X;4.3424E-13;0
1.0000E+00;~H+ -> u,D,~H3;2.5642E-13;0
1.0000E+00;~H+ -> ne,E,~X;1.4489E-13;0
1.0000E+00;~H+ -> nm,M,~X;1.3716E-13;0
1.0000E+00;~H+ -> ne,E,~H3;8.5580E-14;0
1.0000E+00;~H+ -> nm,M,~H3;7.9993E-14;0
1.0000E+00;~H+ -> c,S,~X;5.4041E-14;0
1.0000E+00;~H+ -> c,S,~H3;1.4130E-14;0
1.0000E+00;~H+ -> ~X,pi+;3.5892E-13;1
1.0000E+00;total;3.5892E-13;-1
1.0500E+00;~H+ -> u,D,~X;5.5418E-13;0
1.0500E+00;~H+ -> u,D,~H3;3.3601E-13;0
1.0500E+00;~H+ -> ne,E,~X;1.8489E-13;0
1.0500E+00;~H+ -> nm,M,~X;1.7591E-13;0
1.0500E+00;~H+ -> ne,E,~H3;1.1213E-13;0
1.0500E+00;~H+ -> nm,M,~H3;1.0553E-13;0
1.0500E+00;~H+ -> c,S,~X;8.9688E-14;0
1.0500E+00;~H+ -> c,S,~H3;2.9687E-14;0
1.0500E+00;~H+ -> ~X,pi+;4.1582E-13;1
1.0500E+00;total;4.1582E-13;-1
1.1000E+00;~H+ -> u,D,~X;6.9927E-13;0
1.1000E+00;~H+ -> u,D,~H3;4.3424E-13;0
1.1000E+00;~H+ -> ne,E,~X;2.3328E-13;0
1.1000E+00;~H+ -> nm,M,~X;2.2293E-13;0
1.1000E+00;~H+ -> ne,E,~H3;1.4489E-13;0
1.1000E+00;~H+ -> c,S,~X;1.3944E-13;0
1.1000E+00;~H+ -> nm,M,~H3;1.3716E-13;0
1.1000E+00;~H+ -> c,S,~H3;5.4045E-14;0
1.1000E+00;~H+ -> ~X,pi+;4.7841E-13;1
1.1000E+00;total;4.7841E-13;-1
1.1500E+00;~H+ -> u,D,~X;8.7325E-13;0
1.1500E+00;~H+ -> u,D,~H3;5.5418E-13;0
1.1500E+00;~H+ -> ne,E,~X;2.9130E-13;0
1.1500E+00;~H+ -> nm,M,~X;2.7944E-13;0
1.1500E+00;~H+ -> c,S,~X;2.0647E-13;0
1.1500E+00;~H+ -> ne,E,~H3;1.8489E-13;0
1.1500E+00;~H+ -> nm,M,~H3;1.7591E-13;0
1.1500E+00;~H+ -> c,S,~H3;8.9694E-14;0
1.1500E+00;~H+ -> ~X,pi+;5.4695E-13;1
1.1500E+00;total;5.4695E-13;-1
1.2000E+00;~H+ -> u,D,~X;1.0802E-12;0
1.2000E+00;~H+ -> u,D,~H3;6.9927E-13;0
1.2000E+00;~H+ -> ne,E,~X;3.6033E-13;0
1.2000E+00;~H+ -> nm,M,~X;3.4682E-13;0
1.2000E+00;~H+ -> c,S,~X;2.9430E-13;0
1.2000E+00;~H+ -> ne,E,~H3;2.3328E-13;0
1.2000E+00;~H+ -> nm,M,~H3;2.2293E-13;0
1.2000E+00;~H+ -> c,S,~H3;1.3945E-13;0
1.2000E+00;~H+ -> ~X,pi+;6.2173E-13;1
1.2000E+00;total;6.2173E-13;-1
1.2500E+00;~H+ -> u,D,~X;1.3247E-12;0
1.2500E+00;~H+ -> u,D,~H3;8.7325E-13;0
1.2500E+00;~H+ -> ne,E,~X;4.4186E-13;0
1.2500E+00;~H+ -> nm,M,~X;4.2655E-13;0
1.2500E+00;~H+ -> c,S,~X;4.0681E-13;0
1.2500E+00;~H+ -> ne,E,~H3;2.9130E-13;0
1.2500E+00;~H+ -> nm,M,~H3;2.7944E-13;0
1.2500E+00;~H+ -> c,S,~H3;2.0648E-13;0
1.2500E+00;~H+ -> ~X,pi+;7.0300E-13;1
1.2500E+00;total;7.0300E-13;-1
1.3000E+00;~H+ -> u,D,~X;1.6116E-12;0
1.3000E+00;~H+ -> u,D,~H3;1.0802E-12;0
1.3000E+00;~H+ -> c,S,~X;5.4831E-13;0
1.3000E+00;~H+ -> ne,E,~X;5.3751E-13;0
1.3000E+00;~H+ -> nm,M,~X;5.2027E-13;0
1.3000E+00;~H+ -> ne,E,~H3;3.6033E-13;0
1.3000E+00;~H+ -> nm,M,~H3;3.4682E-13;0
1.3000E+00;~H+ -> c,S,~H3;2.9431E-13;0
1.3000E+00;~H+ -> ~X,pi+;7.9104E-13;1
1.3000E+00;total;7.9104E-13;-1
1.3500E+00;~H+ -> u,D,~X;1.9461E-12;0
1.3500E+00;~H+ -> u,D,~H3;1.3247E-12;0
1.3500E+00;~H+ -> c,S,~X;7.2350E-13;0
1.3500E+00;~H+ -> ne,E,~X;6.4905E-13;0
1.3500E+00;~H+ -> nm,M,~X;6.2971E-13;0
1.3500E+00;~H+ -> ne,E,~H3;4.4186E-13;0
1.3500E+00;~H+ -> nm,M,~H3;4.2655E-13;0
1.3500E+00;~H+ -> c,S,~H3;4.0683E-13;0
1.3500E+00;~H+ -> ~X,pi+;8.8611E-13;1
1.3500E+00;total;8.8611E-13;-1
1.4000E+00;~H+ -> u,D,~X;2.3340E-12;0
1.4000E+00;~H+ -> u,D,~H3;1.6116E-12;0
1.4000E+00;~H+ -> c,S,~X;9.3748E-13;0
1.4000E+00;~H+ -> ne,E,~X;7.7838E-13;0
1.4000E+00;~H+ -> nm,M,~X;7.5677E-13;0
1.4000E+00;~H+ -> c,S,~H3;5.4833E-13;0
1.4000E+00;~H+ -> ne,E,~H3;5.3751E-13;0
1.4000E+00;~H+ -> nm,M,~H3;5.2027E-13;0
1.4000E+00;~H+ -> ~X,pi+;9.8848E-13;1
1.4000E+00;total;9.8848E-13;-1
1.4500E+00;~H+ -> u,D,~X;2.7813E-12;0
1.4500E+00;~H+ -> u,D,~H3;1.9461E-12;0
1.4500E+00;~H+ -> c,S,~X;1.1958E-12;0
1.4500E+00;~H+ -> ne,E,~X;9.2754E-13;0
1.4500E+00;~H+ -> nm,M,~X;9.0350E-13;0
1.4500E+00;~H+ -> c,S,~H3;7.2352E-13;0
1.4500E+00;~H+ -> ne,E,~H3;6.4905E-13;0
1.4500E+00;~H+ -> nm,M,~H3;6.2971E-13;0
1.4500E+00;~H+ -> ~X,pi+;1.0984E-12;1
1.4500E+00;total;1.0984E-12;-1
1.5000E+00;~H+ -> u,D,~X;3.2947E-12;0
1.5000E+00;~H+ -> u,D,~H3;2.3340E-12;0
1.5000E+00;~H+ -> c,S,~X;1.5046E-12;0
1.5000E+00;~H+ -> ne,E,~X;1.0987E-12;0
1.5000E+00;~H+ -> nm,M,~X;1.0721E-12;0
1.5000E+00;~H+ -> c,S,~H3;9.3751E-13;0
1.5000E+00;~H+ -> ne,E,~H3;7.7838E-13;0
1.5000E+00;~H+ -> nm,M,~H3;7.5677E-13;0
1.5000E+00;~H+ -> ~X,pi+;1.2162E-12;1
1.5000E+00;total;1.1777E-11;-1
1.5500E+00;~H+ -> u,D,~X;3.8813E-12;0
1.5500E+00;~H+ -> u,D,~H3;2.7813E-12;0
1.5500E+00;~H+ -> c,S,~X;1.8701E-12;0
1.5500E+00;~H+ -> ne,E,~X;1.2943E-12;0
1.5500E+00;~H+ -> nm,M,~X;1.2649E-12;0
1.5500E+00;~H+ -> c,S,~H3;1.1959E-12;0
1.5500E+00;~H+ -> ne,E,~H3;9.2754E-13;0
1.5500E+00;~H+ -> nm,M,~H3;9.0350E-13;0
1.5500E+00;~H+ -> ~X,pi+;1.3421E-12;1
1.5500E+00;total;1.4119E-11;-1
1.6000E+00;~H+ -> u,D,~X;4.5485E-12;0
1.6000E+00;~H+ -> u,D,~H3;3.2947E-12;0
1.6000E+00;~H+ -> c,S,~X;2.2995E-12;0
1.6000E+00;~H+ -> ne,E,~X;1.5168E-12;0
1.6000E+00;~H+ -> c,S,~H3;1.5046E-12;0
1.6000E+00;~H+ -> nm,M,~X;1.4843E-12;0
1.6000E+00;~H+ -> ne,E,~H3;1.0987E-12;0
1.6000E+00;~H+ -> nm,M,~H3;1.0721E-12;0
1.6000E+00;~H+ -> ~X,pi+;1.4764E-12;1
1.6000E+00;total;1.6819E-11;-1
1.6500E+00;~H+ -> u,D,~X;5.3045E-12;0
1.6500E+00;~H+ -> u,D,~H3;3.8813E-12;0
1.6500E+00;~H+ -> c,S,~X;2.8002E-12;0
1.6500E+00;~H+ -> c,S,~H3;1.8702E-12;0
1.6500E+00;~H+ -> ne,E,~X;1.7688E-12;0
1.6500E+00;~H+ -> nm,M,~X;1.7332E-12;0
1.6500E+00;~H+ -> ne,E,~H3;1.2943E-12;0
1.6500E+00;~H+ -> nm,M,~H3;1.2649E-12;0
1.6500E+00;~H+ -> ~X,pi+;1.6193E-12;1
1.6500E+00;total;1.9917E-11;-1
1.7000E+00;~H+ -> u,D,~X;6.1577E-12;0
1.7000E+00;~H+ -> u,D,~H3;4.5485E-12;0
1.7000E+00;~H+ -> c,S,~X;3.3802E-12;0
1.7000E+00;~H+ -> c,S,~H3;2.2996E-12;0
1.7000E+00;~H+ -> ne,E,~X;2.0533E-12;0
1.7000E+00;~H+ -> nm,M,~X;2.0143E-12;0
1.7000E+00;~H+ -> ne,E,~H3;1.5168E-12;0
1.7000E+00;~H+ -> nm,M,~H3;1.4843E-12;0
1.7000E+00;~H+ -> ~X,pi+;1.7711E-12;1
1.7000E+00;total;2.3455E-11;-1
1.7500E+00;~H+ -> u,D,~X;7.1173E-12;0
1.7500E+00;~H+ -> u,D,~H3;5.3045E-12;0
1.7500E+00;~H+ -> c,S,~X;4.0480E-12;0
1.7500E+00;~H+ -> c,S,~H3;2.8003E-12;0
1.7500E+00;~H+ -> ne,E,~X;2.3732E-12;0
1.7500E+00;~H+ -> nm,M,~X;2.3307E-12;0
1.7500E+00;~H+ -> ne,E,~H3;1.7688E-12;0
1.7500E+00;~H+ -> nm,M,~H3;1.7332E-12;0
1.7500E+00;~H+ -> ~X,pi+;1.9321E-12;1
1.7500E+00;total;2.7476E-11;-1
1.8000E+00;~H+ -> u,D,~X;8.1929E-12;0
1.8000E+00;~H+ -> u,D,~H3;6.1577E-12;0
1.8000E+00;~H+ -> c,S,~X;4.8127E-12;0
1.8000E+00;~H+ -> c,S,~H3;3.3803E-12;0
1.8000E+00;~H+ -> ne,E,~X;2.7318E-12;0
1.8000E+00;~H+ -> nm,M,~X;2.6855E-12;0
1.8000E+00;~H+ -> ne,E,~H3;2.0533E-12;0
1.8000E+00;~H+ -> nm,M,~H3;2.0143E-12;0
1.8000E+00;~H+ -> nl,L,~X;4.1064E-18;0
1.8000E+00;~H+ -> ~X,pi+;2.1025E-12;1
1.8000E+00;total;3.2028E-11;-1
1.8500E+00;~H+ -> u,D,~X;9.3946E-12;0
1.8500E+00;~H+ -> u,D,~H3;7.1173E-12;0
1.8500E+00;~H+ -> c,S,~X;5.6839E-12;0
1.8500E+00;~H+ -> c,S,~H3;4.0481E-12;0
1.8500E+00;~H+ -> ne,E,~X;3.1324E-12;0
1.8500E+00;~H+ -> nm,M,~X;3.0821E-12;0
1.8500E+00;~H+ -> ne,E,~H3;2.3732E-12;0
1.8500E+00;~H+ -> nm,M,~H3;2.3307E-12;0
1.8500E+00;~H+ -> nl,L,~X;2.3661E-16;0
1.8500E+00;~H+ -> ~X,pi+;2.2827E-12;1
1.8500E+00;total;3.7163E-11;-1
1.9000E+00;~H+ -> u,D,~X;1.0733E-11;0
1.9000E+00;~H+ -> u,D,~H3;8.1929E-12;0
1.9000E+00;~H+ -> c,S,~X;6.6719E-12;0
1.9000E+00;~H+ -> c,S,~H3;4.8128E-12;0
1.9000E+00;~H+ -> ne,E,~X;3.5788E-12;0
1.9000E+00;~H+ -> nm,M,~X;3.5243E-12;0
1.9000E+00;~H+ -> ne,E,~H3;2.7318E-12;0
1.9000E+00;~H+ -> nm,M,~H3;2.6855E-12;0
1.9000E+00;~H+ -> nl,L,~X;1.4861E-15;0
1.9000E+00;~H+ -> nl,L,~H3;4.1064E-18;0
1.9000E+00;~H+ -> ~X,pi+;2.4728E-12;1
1.9000E+00;total;4.2933E-11;-1
1.9500E+00;~H+ -> u,D,~X;1.2221E-11;0
1.9500E+00;~H+ -> u,D,~H3;9.3947E-12;0
1.9500E+00;~H+ -> c,S,~X;7.7874E-12;0
1.9500E+00;~H+ -> c,S,~H3;5.6840E-12;0
1.9500E+00;~H+ -> ne,E,~X;4.0746E-12;0
1.9500E+00;~H+ -> nm,M,~X;4.0156E-12;0
1.9500E+00;~H+ -> ne,E,~H3;3.1324E-12;0
1.9500E+00;~H+ -> nm,M,~H3;3.0821E-12;0
1.9500E+00;~H+ -> nl,L,~X;4.9598E-15;0
1.9500E+00;~H+ -> nl,L,~H3;2.3661E-16;0
1.9500E+00;~H+ -> ~X,pi+;2.6732E-12;1
1.9500E+00;total;4.9397E-11;-1
2.0000E+00;~H+ -> u,D,~X;1.3868E-11;0
2.0000E+00;~H+ -> u,D,~H3;1.0733E-11;0
2.0000E+00;~H+ -> c,S,~X;9.0419E-12;0
2.0000E+00;~H+ -> c,S,~H3;6.6720E-12;0
2.0000E+00;~H+ -> ne,E,~X;4.6238E-12;0
2.0000E+00;~H+ -> nm,M,~X;4.5602E-12;0
2.0000E+00;~H+ -> ne,E,~H3;3.5788E-12;0
2.0000E+00;~H+ -> nm,M,~H3;3.5243E-12;0
2.0000E+00;~H+ -> nl,L,~X;1.2197E-14;0
2.0000E+00;~H+ -> nl,L,~H3;1.4861E-15;0
2.0000E+00;~H+ -> ~X,pi+;2.8841E-12;1
2.0000E+00;total;5.6616E-11;-1
2.0500E+00;~H+ -> u,D,~X;1.5689E-11;0
2.0500E+00;~H+ -> u,D,~H3;1.2221E-11;0
2.0500E+00;~H+ -> c,S,~X;1.0447E-11;0
2.0500E+00;~H+ -> c,S,~H3;7.7875E-12;0
2.0500E+00;~H+ -> ne,E,~X;5.2308E-12;0
2.0500E+00;~H+ -> nm,M,~X;5.1622E-12;0
2.0500E+00;~H+ -> ne,E,~H3;4.0746E-12;0
2.0500E+00;~H+ -> nm,M,~H3;4.0156E-12;0
2.0500E+00;~H+ -> nl,L,~X;2.5039E-14;0
2.0500E+00;~H+ -> nl,L,~H3;4.9598E-15;0
2.0500E+00;~H+ -> ~X,pi+;3.1057E-12;1
2.0500E+00;total;6.4657E-11;-1
2.1000E+00;~H+ -> u,D,~X;1.7695E-11;0
2.1000E+00;~H+ -> u,D,~H3;1.3868E-11;0
2.1000E+00;~H+ -> c,S,~X;1.2017E-11;0
2.1000E+00;~H+ -> c,S,~H3;9.0420E-12;0
2.1000E+00;~H+ -> ne,E,~X;5.8998E-12;0
2.1000E+00;~H+ -> nm,M,~X;5.8260E-12;0
2.1000E+00;~H+ -> ne,E,~H3;4.6238E-12;0
2.1000E+00;~H+ -> nm,M,~H3;4.5602E-12;0
2.1000E+00;~H+ -> nl,L,~X;4.5613E-14;0
2.1000E+00;~H+ -> nl,L,~H3;1.2197E-14;0
2.1000E+00;~H+ -> ~X,pi+;3.3384E-12;1
2.1000E+00;total;7.3590E-11;-1
2.1500E+00;~H+ -> u,D,~X;1.9902E-11;0
2.1500E+00;~H+ -> u,D,~H3;1.5689E-11;0
2.1500E+00;~H+ -> c,S,~X;1.3763E-11;0
2.1500E+00;~H+ -> c,S,~H3;1.0448E-11;0
2.1500E+00;~H+ -> ne,E,~X;6.6355E-12;0
2.1500E+00;~H+ -> nm,M,~X;6.5563E-12;0
2.1500E+00;~H+ -> ne,E,~H3;5.2308E-12;0
2.1500E+00;~H+ -> nm,M,~H3;5.1622E-12;0
2.1500E+00;~H+ -> nl,L,~X;7.6321E-14;0
2.1500E+00;~H+ -> nl,L,~H3;2.5039E-14;0
2.1500E+00;~H+ -> ~X,pi+;3.5825E-12;1
2.1500E+00;total;8.3488E-11;-1
2.2000E+00;~H+ -> u,D,~X;2.2324E-11;0
2.2000E+00;~H+ -> u,D,~H3;1.7695E-11;0
2.2000E+00;~H+ -> c,S,~X;1.5701E-11;0
2.2000E+00;~H+ -> c,S,~H3;1.2017E-11;0
2.2000E+00;~H+ -> ne,E,~X;7.4429E-12;0
2.2000E+00;~H+ -> nm,M,~X;7.3580E-12;0
2.2000E+00;~H+ -> ne,E,~H3;5.8998E-12;0
2.2000E+00;~H+ -> nm,M,~H3;5.8260E-12;0
2.2000E+00;~H+ -> nl,L,~X;1.1984E-13;0
2.2000E+00;~H+ -> nl,L,~H3;4.5613E-14;0
2.2000E+00;~H+ -> ~X,pi+;3.8380E-12;1
2.2000E+00;total;9.4429E-11;-1
2.2500E+00;~H+ -> u,D,~X;2.4976E-11;0
2.2500E+00;~H+ -> u,D,~H3;1.9902E-11;0
2.2500E+00;~H+ -> c,S,~X;1.7844E-11;0
2.2500E+00;~H+ -> c,S,~H3;1.3763E-11;0
2.2500E+00;~H+ -> ne,E,~X;8.3269E-12;0
2.2500E+00;~H+ -> nm,M,~X;8.2361E-12;0
2.2500E+00;~H+ -> ne,E,~H3;6.6355E-12;0
2.2500E+00;~H+ -> nm,M,~H3;6.5563E-12;0
2.2500E+00;~H+ -> nl,L,~X;1.7913E-13;0
2.2500E+00;~H+ -> nl,L,~H3;7.6322E-14;0
2.2500E+00;~H+ -> ~X,pi+;4.1055E-12;1
2.2500E+00;total;1.0650E-10;-1
2.3000E+00;~H+ -> u,D,~X;2.7874E-11;0
2.3000E+00;~H+ -> u,D,~H3;2.2324E-11;0
2.3000E+00;~H+ -> c,S,~X;2.0209E-11;0
2.3000E+00;~H+ -> c,S,~H3;1.5701E-11;0
2.3000E+00;~H+ -> ne,E,~X;9.2929E-12;0
2.3000E+00;~H+ -> nm,M,~X;9.1959E-12;0
2.3000E+00;~H+ -> ne,E,~H3;7.4429E-12;0
2.3000E+00;~H+ -> nm,M,~H3;7.3580E-12;0
2.3000E+00;~H+ -> nl,L,~X;2.5739E-13;0
2.3000E+00;~H+ -> nl,L,~H3;1.1984E-13;0
2.3000E+00;~H+ -> ~X,pi+;4.3850E-12;1
2.3000E+00;total;1.1977E-10;-1
2.3500E+00;~H+ -> u,D,~X;3.1034E-11;0
2.3500E+00;~H+ -> u,D,~H3;2.4976E-11;0
2.3500E+00;~H+ -> c,S,~X;2.2811E-11;0
2.3500E+00;~H+ -> c,S,~H3;1.7844E-11;0
2.3500E+00;~H+ -> ne,E,~X;1.0347E-11;0
2.3500E+00;~H+ -> nm,M,~X;1.0243E-11;0
2.3500E+00;~H+ -> ne,E,~H3;8.3269E-12;0
2.3500E+00;~H+ -> nm,M,~H3;8.2361E-12;0
2.3500E+00;~H+ -> nl,L,~X;3.5813E-13;0
2.3500E+00;~H+ -> nl,L,~H3;1.7913E-13;0
2.3500E+00;~H+ -> ~X,pi+;4.6769E-12;1
2.3500E+00;total;1.3436E-10;-1
2.4000E+00;~H+ -> u,D,~X;3.4475E-11;0
2.4000E+00;~H+ -> u,D,~H3;2.7874E-11;0
2.4000E+00;~H+ -> c,S,~X;2.5668E-11;0
2.4000E+00;~H+ -> c,S,~H3;2.0209E-11;0
2.4000E+00;~H+ -> ne,E,~X;1.1494E-11;0
2.4000E+00;~H+ -> nm,M,~X;1.1383E-11;0
2.4000E+00;~H+ -> ne,E,~H3;9.2929E-12;0
2.4000E+00;~H+ -> nm,M,~H3;9.1959E-12;0
2.4000E+00;~H+ -> nl,L,~X;4.8510E-13;0
2.4000E+00;~H+ -> nl,L,~H3;2.5739E-13;0
2.4000E+00;~H+ -> ~X,pi+;4.9815E-12;1
2.4000E+00;total;1.5033E-10;-1
2.4500E+00;~H+ -> u,D,~X;3.8215E-11;0
2.4500E+00;~H+ -> u,D,~H3;3.1034E-11;0
2.4500E+00;~H+ -> c,S,~X;2.8797E-11;0
2.4500E+00;~H+ -> c,S,~H3;2.2811E-11;0
2.4500E+00;~H+ -> ne,E,~X;1.2740E-11;0
2.4500E+00;~H+ -> nm,M,~X;1.2623E-11;0
2.4500E+00;~H+ -> ne,E,~H3;1.0347E-11;0
2.4500E+00;~H+ -> nm,M,~H3;1.0243E-11;0
2.4500E+00;~H+ -> nl,L,~X;6.4235E-13;0
2.4500E+00;~H+ -> nl,L,~H3;3.5813E-13;0
2.4500E+00;~H+ -> ~X,pi+;5.2989E-12;1
2.4500E+00;total;1.6781E-10;-1
2.5000E+00;~H+ -> u,D,~X;4.2271E-11;0
2.5000E+00;~H+ -> u,D,~H3;3.4475E-11;0
2.5000E+00;~H+ -> c,S,~X;3.2216E-11;0
2.5000E+00;~H+ -> c,S,~H3;2.5668E-11;0
2.5000E+00;~H+ -> ne,E,~X;1.4093E-11;0
2.5000E+00;~H+ -> nm,M,~X;1.3968E-11;0
2.5000E+00;~H+ -> ne,E,~H3;1.1494E-11;0
2.5000E+00;~H+ -> nm,M,~H3;1.1383E-11;0
2.5000E+00;~H+ -> nl,L,~X;8.3420E-13;0
2.5000E+00;~H+ -> nl,L,~H3;4.8510E-13;0
2.5000E+00;~H+ -> ~X,pi+;5.6295E-12;1
2.5000E+00;total;1.8689E-10;-1
2.5500E+00;~H+ -> u,D,~X;4.6665E-11;0
2.5500E+00;~H+ -> u,D,~H3;3.8215E-11;0
2.5500E+00;~H+ -> c,S,~X;3.5945E-11;0
2.5500E+00;~H+ -> c,S,~H3;2.8797E-11;0
2.5500E+00;~H+ -> ne,E,~X;1.5557E-11;0
2.5500E+00;~H+ -> nm,M,~X;1.5425E-11;0
2.5500E+00;~H+ -> ne,E,~H3;1.2740E-11;0
2.5500E+00;~H+ -> nm,M,~H3;1.2623E-11;0
2.5500E+00;~H+ -> nl,L,~X;1.0652E-12;0
2.5500E+00;~H+ -> nl,L,~H3;6.4236E-13;0
2.5500E+00;~H+ -> ~X,pi+;5.9736E-12;1
2.5500E+00;total;2.0767E-10;-1
2.6000E+00;~H+ -> u,D,~X;5.1417E-11;0
2.6000E+00;~H+ -> u,D,~H3;4.2271E-11;0
2.6000E+00;~H+ -> c,S,~X;4.0003E-11;0
2.6000E+00;~H+ -> c,S,~H3;3.2216E-11;0
2.6000E+00;~H+ -> ne,E,~X;1.7142E-11;0
2.6000E+00;~H+ -> nm,M,~X;1.7001E-11;0
2.6000E+00;~H+ -> ne,E,~H3;1.4093E-11;0
2.6000E+00;~H+ -> nm,M,~H3;1.3968E-11;0
2.6000E+00;~H+ -> nl,L,~X;1.3404E-12;0
2.6000E+00;~H+ -> nl,L,~H3;8.3420E-13;0
2.6000E+00;~H+ -> ~X,pi+;6.3313E-12;1
2.6000E+00;total;2.3029E-10;-1
2.6500E+00;~H+ -> u,D,~X;5.6548E-11;0
2.6500E+00;~H+ -> u,D,~H3;4.6665E-11;0
2.6500E+00;~H+ -> c,S,~X;4.4412E-11;0
2.6500E+00;~H+ -> c,S,~H3;3.5945E-11;0
2.6500E+00;~H+ -> ne,E,~X;1.8852E-11;0
2.6500E+00;~H+ -> nm,M,~X;1.8703E-11;0
2.6500E+00;~H+ -> ne,E,~H3;1.5557E-11;0
2.6500E+00;~H+ -> nm,M,~H3;1.5425E-11;0
2.6500E+00;~H+ -> nl,L,~X;1.6648E-12;0
2.6500E+00;~H+ -> nl,L,~H3;1.0653E-12;0
2.6500E+00;~H+ -> ~X,pi+;6.7030E-12;1
2.6500E+00;total;2.5484E-10;-1
2.7000E+00;~H+ -> u,D,~X;6.2081E-11;0
2.7000E+00;~H+ -> u,D,~H3;5.1417E-11;0
2.7000E+00;~H+ -> c,S,~X;4.9194E-11;0
2.7000E+00;~H+ -> c,S,~H3;4.0003E-11;0
2.7000E+00;~H+ -> ne,E,~X;2.0696E-11;0
2.7000E+00;~H+ -> nm,M,~X;2.0539E-11;0
2.7000E+00;~H+ -> ne,E,~H3;1.7142E-11;0
2.7000E+00;~H+ -> nm,M,~H3;1.7001E-11;0
2.7000E+00;~H+ -> nl,L,~X;2.0439E-12;0
2.7000E+00;~H+ -> nl,L,~H3;1.3404E-12;0
2.7000E+00;~H+ -> ~X,pi+;7.0890E-12;1
2.7000E+00;total;2.8146E-10;-1
2.7500E+00;~H+ -> u,D,~X;6.8037E-11;0
2.7500E+00;~H+ -> u,D,~H3;5.6548E-11;0
2.7500E+00;~H+ -> c,S,~X;5.4370E-11;0
2.7500E+00;~H+ -> c,S,~H3;4.4413E-11;0
2.7500E+00;~H+ -> ne,E,~X;2.2682E-11;0
2.7500E+00;~H+ -> nm,M,~X;2.2516E-11;0
2.7500E+00;~H+ -> ne,E,~H3;1.8852E-11;0
2.7500E+00;~H+ -> nm,M,~H3;1.8703E-11;0
2.7500E+00;~H+ -> nl,L,~X;2.4835E-12;0
2.7500E+00;~H+ -> nl,L,~H3;1.6648E-12;0
2.7500E+00;~H+ -> ~X,pi+;7.4894E-12;1
2.7500E+00;total;3.1027E-10;-1
2.8000E+00;~H+ -> u,D,~X;7.4443E-11;0
2.8000E+00;~H+ -> u,D,~H3;6.2081E-11;0
2.8000E+00;~H+ -> c,S,~X;5.9964E-11;0
2.8000E+00;~H+ -> c,S,~H3;4.9194E-11;0
2.8000E+00;~H+ -> ne,E,~X;2.4817E-11;0
2.8000E+00;~H+ -> nm,M,~X;2.4642E-11;0
2.8000E+00;~H+ -> ne,E,~H3;2.0696E-11;0
2.8000E+00;~H+ -> nm,M,~H3;2.0539E-11;0
2.8000E+00;~H+ -> nl,L,~X;2.9897E-12;0
2.8000E+00;~H+ -> nl,L,~H3;2.0439E-12;0
2.8000E+00;~H+ -> ~X,pi+;7.9045E-12;1
2.8000E+00;total;3.4141E-10;-1
2.8500E+00;~H+ -> u,D,~X;8.1321E-11;0
2.8500E+00;~H+ -> u,D,~H3;6.8038E-11;0
2.8500E+00;~H+ -> c,S,~X;6.6001E-11;0
2.8500E+00;~H+ -> c,S,~H3;5.4370E-11;0
2.8500E+00;~H+ -> ne,E,~X;2.7110E-11;0
2.8500E+00;~H+ -> nm,M,~X;2.6925E-11;0
2.8500E+00;~H+ -> ne,E,~H3;2.2682E-11;0
2.8500E+00;~H+ -> nm,M,~H3;2.2516E-11;0
2.8500E+00;~H+ -> nl,L,~X;3.5687E-12;0
2.8500E+00;~H+ -> nl,L,~H3;2.4835E-12;0
2.8500E+00;~H+ -> ~X,pi+;8.3347E-12;1
2.8500E+00;total;3.7502E-10;-1
2.9000E+00;~H+ -> u,D,~X;8.8699E-11;0
2.9000E+00;~H+ -> u,D,~H3;7.4443E-11;0
2.9000E+00;~H+ -> c,S,~X;7.2505E-11;0
2.9000E+00;~H+ -> c,S,~H3;5.9964E-11;0
2.9000E+00;~H+ -> ne,E,~X;2.9570E-11;0
2.9000E+00;~H+ -> nm,M,~X;2.9375E-11;0
2.9000E+00;~H+ -> ne,E,~H3;2.4817E-11;0
2.9000E+00;~H+ -> nm,M,~H3;2.4642E-11;0
2.9000E+00;~H+ -> nl,L,~X;4.2274E-12;0
2.9000E+00;~H+ -> nl,L,~H3;2.9897E-12;0
2.9000E+00;~H+ -> ~X,pi+;8.7802E-12;1
2.9000E+00;total;4.1123E-10;-1
2.9500E+00;~H+ -> u,D,~X;9.6602E-11;0
2.9500E+00;~H+ -> u,D,~H3;8.1322E-11;0
2.9500E+00;~H+ -> c,S,~X;7.9503E-11;0
2.9500E+00;~H+ -> c,S,~H3;6.6001E-11;0
2.9500E+00;~H+ -> ne,E,~X;3.2204E-11;0
2.9500E+00;~H+ -> nm,M,~X;3.1999E-11;0
2.9500E+00;~H+ -> ne,E,~H3;2.7110E-11;0
2.9500E+00;~H+ -> nm,M,~H3;2.6925E-11;0
2.9500E+00;~H+ -> nl,L,~X;4.9727E-12;0
2.9500E+00;~H+ -> nl,L,~H3;3.5687E-12;0
2.9500E+00;~H+ -> ~X,pi+;9.2412E-12;1
2.9500E+00;total;4.5021E-10;-1
3.0000E+00;~H+ -> u,D,~X;1.0506E-10;0
3.0000E+00;~H+ -> u,D,~H3;8.8699E-11;0
3.0000E+00;~H+ -> c,S,~X;8.7021E-11;0
3.0000E+00;~H+ -> c,S,~H3;7.2505E-11;0
3.0000E+00;~H+ -> ne,E,~X;3.5023E-11;0
3.0000E+00;~H+ -> nm,M,~X;3.4807E-11;0
3.0000E+00;~H+ -> ne,E,~H3;2.9570E-11;0
3.0000E+00;~H+ -> nm,M,~H3;2.9375E-11;0
3.0000E+00;~H+ -> nl,L,~X;5.8120E-12;0
3.0000E+00;~H+ -> nl,L,~H3;4.2274E-12;0
3.0000E+00;~H+ -> ~X,pi+;9.7180E-12;1
3.0000E+00;total;4.9210E-10;-1
3.0500E+00;~H+ -> u,D,~X;1.1410E-10;0
3.0500E+00;~H+ -> u,D,~H3;9.6603E-11;0
3.0500E+00;~H+ -> c,S,~X;9.5089E-11;0
3.0500E+00;~H+ -> c,S,~H3;7.9503E-11;0
3.0500E+00;~H+ -> ne,E,~X;3.8036E-11;0
3.0500E+00;~H+ -> nm,M,~X;3.7809E-11;0
3.0500E+00;~H+ -> ne,E,~H3;3.2204E-11;0
3.0500E+00;~H+ -> nm,M,~H3;3.1999E-11;0
3.0500E+00;~H+ -> nl,L,~X;6.7527E-12;0
3.0500E+00;~H+ -> nl,L,~H3;4.9728E-12;0
3.0500E+00;~H+ -> ~X,pi+;1.0211E-11;1
3.0500E+00;total;5.3707E-10;-1
3.1000E+00;~H+ -> u,D,~X;1.2375E-10;0
3.1000E+00;~H+ -> u,D,~H3;1.0506E-10;0
3.1000E+00;~H+ -> c,S,~X;1.0373E-10;0
3.1000E+00;~H+ -> c,S,~H3;8.7022E-11;0
3.1000E+00;~H+ -> ne,E,~X;4.1253E-11;0
3.1000E+00;~H+ -> nm,M,~X;4.1015E-11;0
3.1000E+00;~H+ -> ne,E,~H3;3.5023E-11;0
3.1000E+00;~H+ -> nm,M,~H3;3.4808E-11;0
3.1000E+00;~H+ -> nl,L,~X;7.8030E-12;0
3.1000E+00;~H+ -> nl,L,~H3;5.8120E-12;0
3.1000E+00;~H+ -> ~X,pi+;1.0720E-11;1
3.1000E+00;total;5.8527E-10;-1
3.1500E+00;~H+ -> u,D,~X;1.3404E-10;0
3.1500E+00;~H+ -> u,D,~H3;1.1410E-10;0
3.1500E+00;~H+ -> c,S,~X;1.1299E-10;0
3.1500E+00;~H+ -> c,S,~H3;9.5089E-11;0
3.1500E+00;~H+ -> ne,E,~X;4.4683E-11;0
3.1500E+00;~H+ -> nm,M,~X;4.4433E-11;0
3.1500E+00;~H+ -> ne,E,~H3;3.8036E-11;0
3.1500E+00;~H+ -> nm,M,~H3;3.7809E-11;0
3.1500E+00;~H+ -> nl,L,~X;8.9712E-12;0
3.1500E+00;~H+ -> nl,L,~H3;6.7528E-12;0
3.1500E+00;~H+ -> ~X,pi+;1.1246E-11;1
3.1500E+00;total;6.3690E-10;-1
3.2000E+00;~H+ -> u,D,~X;1.4500E-10;0
3.2000E+00;~H+ -> u,D,~H3;1.2375E-10;0
3.2000E+00;~H+ -> c,S,~X;1.2288E-10;0
3.2000E+00;~H+ -> c,S,~H3;1.0373E-10;0
3.2000E+00;~H+ -> ne,E,~X;4.8338E-11;0
3.2000E+00;~H+ -> nm,M,~X;4.8076E-11;0
3.2000E+00;~H+ -> ne,E,~H3;4.1253E-11;0
3.2000E+00;~H+ -> nm,M,~H3;4.1015E-11;0
3.2000E+00;~H+ -> nl,L,~X;1.0266E-11;0
3.2000E+00;~H+ -> nl,L,~H3;7.8031E-12;0
3.2000E+00;~H+ -> ~X,pi+;1.1789E-11;1
3.2000E+00;total;6.9211E-10;-1
3.2500E+00;~H+ -> u,D,~X;1.5667E-10;0
3.2500E+00;~H+ -> u,D,~H3;1.3404E-10;0
3.2500E+00;~H+ -> c,S,~X;1.3344E-10;0
3.2500E+00;~H+ -> c,S,~H3;1.1299E-10;0
3.2500E+00;~H+ -> ne,E,~X;5.2228E-11;0
3.2500E+00;~H+ -> nm,M,~X;5.1954E-11;0
3.2500E+00;~H+ -> ne,E,~H3;4.4683E-11;0
3.2500E+00;~H+ -> nm,M,~H3;4.4434E-11;0
3.2500E+00;~H+ -> nl,L,~X;1.1696E-11;0
3.2500E+00;~H+ -> nl,L,~H3;8.9712E-12;0
3.2500E+00;~H+ -> ~X,pi+;1.2348E-11;1
3.2500E+00;total;7.5110E-10;-1
3.3000E+00;~H+ -> u,D,~X;1.6908E-10;0
3.3000E+00;~H+ -> u,D,~H3;1.4500E-10;0
3.3000E+00;~H+ -> c,S,~X;1.4470E-10;0
3.3000E+00;~H+ -> c,S,~H3;1.2288E-10;0
3.3000E+00;~H+ -> ne,E,~X;5.6365E-11;0
3.3000E+00;~H+ -> nm,M,~X;5.6077E-11;0
3.3000E+00;~H+ -> ne,E,~H3;4.8338E-11;0
3.3000E+00;~H+ -> nm,M,~H3;4.8076E-11;0
3.3000E+00;~H+ -> nl,L,~X;1.3271E-11;0
3.3000E+00;~H+ -> nl,L,~H3;1.0266E-11;0
3.3000E+00;~H+ -> ~X,pi+;1.2926E-11;1
3.3000E+00;total;8.1405E-10;-1
3.3500E+00;~H+ -> u,D,~X;1.8226E-10;0
3.3500E+00;~H+ -> c,S,~X;1.5670E-10;0
3.3500E+00;~H+ -> u,D,~H3;1.5667E-10;0
3.3500E+00;~H+ -> c,S,~H3;1.3344E-10;0
3.3500E+00;~H+ -> ne,E,~X;6.0759E-11;0
3.3500E+00;~H+ -> nm,M,~X;6.0458E-11;0
3.3500E+00;~H+ -> ne,E,~H3;5.2228E-11;0
3.3500E+00;~H+ -> nm,M,~H3;5.1954E-11;0
3.3500E+00;~H+ -> nl,L,~X;1.5000E-11;0
3.3500E+00;~H+ -> nl,L,~H3;1.1696E-11;0
3.3500E+00;~H+ -> ~X,pi+;1.3520E-11;1
3.3500E+00;total;8.8117E-10;-1
3.4000E+00;~H+ -> u,D,~X;1.9625E-10;0
3.4000E+00;~H+ -> c,S,~X;1.6948E-10;0
3.4000E+00;~H+ -> u,D,~H3;1.6908E-10;0
3.4000E+00;~H+ -> c,S,~H3;1.4470E-10;0
3.4000E+00;~H+ -> ne,E,~X;6.5423E-11;0
3.4000E+00;~H+ -> nm,M,~X;6.5108E-11;0
3.4000E+00;~H+ -> ne,E,~H3;5.6365E-11;0
3.4000E+00;~H+ -> nm,M,~H3;5.6077E-11;0
3.4000E+00;~H+ -> nl,L,~X;1.6894E-11;0
3.4000E+00;~H+ -> nl,L,~H3;1.3271E-11;0
3.4000E+00;~H+ -> ~X,pi+;1.4133E-11;1
3.4000E+00;total;9.5264E-10;-1
3.4500E+00;~H+ -> u,D,~X;2.1109E-10;0
3.4500E+00;~H+ -> c,S,~X;1.8306E-10;0
3.4500E+00;~H+ -> u,D,~H3;1.8226E-10;0
3.4500E+00;~H+ -> c,S,~H3;1.5670E-10;0
3.4500E+00;~H+ -> ne,E,~X;7.0368E-11;0
3.4500E+00;~H+ -> nm,M,~X;7.0040E-11;0
3.4500E+00;~H+ -> ne,E,~H3;6.0759E-11;0
3.4500E+00;~H+ -> nm,M,~H3;6.0458E-11;0
3.4500E+00;~H+ -> nl,L,~X;1.8962E-11;0
3.4500E+00;~H+ -> nl,L,~H3;1.5000E-11;0
3.4500E+00;~H+ -> ~X,pi+;1.4764E-11;1
3.4500E+00;total;1.0287E-09;-1
3.5000E+00;~H+ -> u,D,~X;2.2681E-10;0
3.5000E+00;~H+ -> c,S,~X;1.9748E-10;0
3.5000E+00;~H+ -> u,D,~H3;1.9625E-10;0
3.5000E+00;~H+ -> c,S,~H3;1.6948E-10;0
3.5000E+00;~H+ -> ne,E,~X;7.5608E-11;0
3.5000E+00;~H+ -> nm,M,~X;7.5266E-11;0
3.5000E+00;~H+ -> ne,E,~H3;6.5423E-11;0
3.5000E+00;~H+ -> nm,M,~H3;6.5108E-11;0
3.5000E+00;~H+ -> nl,L,~X;2.1216E-11;0
3.5000E+00;~H+ -> nl,L,~H3;1.6894E-11;0
3.5000E+00;~H+ -> ~X,pi+;1.5413E-11;1
3.5000E+00;total;1.1095E-09;-1
3.5500E+00;~H+ -> u,D,~X;2.4345E-10;0
3.5500E+00;~H+ -> c,S,~X;2.1279E-10;0
3.5500E+00;~H+ -> u,D,~H3;2.1109E-10;0
3.5500E+00;~H+ -> c,S,~H3;1.8306E-10;0
3.5500E+00;~H+ -> ne,E,~X;8.1156E-11;0
3.5500E+00;~H+ -> nm,M,~X;8.0798E-11;0
3.5500E+00;~H+ -> ne,E,~H3;7.0368E-11;0
3.5500E+00;~H+ -> nm,M,~H3;7.0040E-11;0
3.5500E+00;~H+ -> nl,L,~X;2.3667E-11;0
3.5500E+00;~H+ -> nl,L,~H3;1.8962E-11;0
3.5500E+00;~H+ -> ~X,pi+;1.6081E-11;1
3.5500E+00;total;1.1954E-09;-1
3.6000E+00;~H+ -> u,D,~X;2.6105E-10;0
3.6000E+00;~H+ -> c,S,~X;2.2903E-10;0
3.6000E+00;~H+ -> u,D,~H3;2.2681E-10;0
3.6000E+00;~H+ -> c,S,~H3;1.9748E-10;0
3.6000E+00;~H+ -> ne,E,~X;8.7024E-11;0
3.6000E+00;~H+ -> nm,M,~X;8.6651E-11;0
3.6000E+00;~H+ -> ne,E,~H3;7.5609E-11;0
3.6000E+00;~H+ -> nm,M,~H3;7.5266E-11;0
3.6000E+00;~H+ -> nl,L,~X;2.6327E-11;0
3.6000E+00;~H+ -> nl,L,~H3;2.1216E-11;0
3.6000E+00;~H+ -> ~X,pi+;1.6768E-11;1
3.6000E+00;total;1.2865E-09;-1
3.6500E+00;~H+ -> u,D,~X;2.7966E-10;0
3.6500E+00;~H+ -> c,S,~X;2.4622E-10;0
3.6500E+00;~H+ -> u,D,~H3;2.4345E-10;0
3.6500E+00;~H+ -> c,S,~H3;2.1279E-10;0
3.6500E+00;~H+ -> ne,E,~X;9.3227E-11;0
3.6500E+00;~H+ -> nm,M,~X;9.2838E-11;0
3.6500E+00;~H+ -> ne,E,~H3;8.1156E-11;0
3.6500E+00;~H+ -> nm,M,~H3;8.0798E-11;0
3.6500E+00;~H+ -> nl,L,~X;2.9206E-11;0
3.6500E+00;~H+ -> nl,L,~H3;2.3667E-11;0
3.6500E+00;~H+ -> ~X,pi+;1.7475E-11;1
3.6500E+00;total;1.3830E-09;-1
3.7000E+00;~H+ -> u,D,~X;2.9931E-10;0
3.7000E+00;~H+ -> c,S,~X;2.6443E-10;0
3.7000E+00;~H+ -> u,D,~H3;2.6105E-10;0
3.7000E+00;~H+ -> c,S,~H3;2.2903E-10;0
3.7000E+00;~H+ -> ne,E,~X;9.9778E-11;0
3.7000E+00;~H+ -> nm,M,~X;9.9373E-11;0
3.7000E+00;~H+ -> ne,E,~H3;8.7025E-11;0
3.7000E+00;~H+ -> nm,M,~H3;8.6652E-11;0
3.7000E+00;~H+ -> nl,L,~X;3.2318E-11;0
3.7000E+00;~H+ -> nl,L,~H3;2.6327E-11;0
3.7000E+00;~H+ -> ~X,pi+;1.8200E-11;1
3.7000E+00;total;1.4853E-09;-1
3.7500E+00;~H+ -> u,D,~X;3.2006E-10;0
3.7500E+00;~H+ -> c,S,~X;2.8368E-10;0
3.7500E+00;~H+ -> u,D,~H3;2.7966E-10;0
3.7500E+00;~H+ -> c,S,~H3;2.4622E-10;0
3.7500E+00;~H+ -> ne,E,~X;1.0669E-10;0
3.7500E+00;~H+ -> nm,M,~X;1.0627E-10;0
3.7500E+00;~H+ -> ne,E,~H3;9.3227E-11;0
3.7500E+00;~H+ -> nm,M,~H3;9.2838E-11;0
3.7500E+00;~H+ -> nl,L,~X;3.5676E-11;0
3.7500E+00;~H+ -> nl,L,~H3;2.9206E-11;0
3.7500E+00;~H+ -> ~X,pi+;1.8946E-11;1
3.7500E+00;total;1.5935E-09;-1
3.8000E+00;~H+ -> u,D,~X;3.4193E-10;0
3.8000E+00;~H+ -> c,S,~X;3.0402E-10;0
3.8000E+00;~H+ -> u,D,~H3;2.9932E-10;0
3.8000E+00;~H+ -> c,S,~H3;2.6443E-10;0
3.8000E+00;~H+ -> ne,E,~X;1.1398E-10;0
3.8000E+00;~H+ -> nm,M,~X;1.1355E-10;0
3.8000E+00;~H+ -> ne,E,~H3;9.9779E-11;0
3.8000E+00;~H+ -> nm,M,~H3;9.9374E-11;0
3.8000E+00;~H+ -> nl,L,~X;3.9291E-11;0
3.8000E+00;~H+ -> nl,L,~H3;3.2318E-11;0
3.8000E+00;~H+ -> ~X,pi+;1.9711E-11;1
3.8000E+00;total;1.7080E-09;-1
3.8500E+00;~H+ -> u,D,~X;3.6499E-10;0
3.8500E+00;~H+ -> c,S,~X;3.2550E-10;0
3.8500E+00;~H+ -> u,D,~H3;3.2006E-10;0
3.8500E+00;~H+ -> c,S,~H3;2.8368E-10;0
3.8500E+00;~H+ -> ne,E,~X;1.2167E-10;0
3.8500E+00;~H+ -> nm,M,~X;1.2121E-10;0
3.8500E+00;~H+ -> ne,E,~H3;1.0669E-10;0
3.8500E+00;~H+ -> nm,M,~H3;1.0627E-10;0
3.8500E+00;~H+ -> nl,L,~X;4.3178E-11;0
3.8500E+00;~H+ -> nl,L,~H3;3.5676E-11;0
3.8500E+00;~H+ -> ~X,pi+;2.0497E-11;1
3.8500E+00;total;1.8289E-09;-1
3.9000E+00;~H+ -> u,D,~X;3.8927E-10;0
3.9000E+00;~H+ -> c,S,~X;3.4816E-10;0
3.9000E+00;~H+ -> u,D,~H3;3.4193E-10;0
3.9000E+00;~H+ -> c,S,~H3;3.0402E-10;0
3.9000E+00;~H+ -> ne,E,~X;1.2976E-10;0
3.9000E+00;~H+ -> nm,M,~X;1.2929E-10;0
3.9000E+00;~H+ -> ne,E,~H3;1.1398E-10;0
3.9000E+00;~H+ -> nm,M,~H3;1.1355E-10;0
3.9000E+00;~H+ -> nl,L,~X;4.7351E-11;0
3.9000E+00;~H+ -> nl,L,~H3;3.9291E-11;0
3.9000E+00;~H+ -> ~X,pi+;2.1303E-11;1
3.9000E+00;total;1.9566E-09;-1
3.9500E+00;~H+ -> u,D,~X;4.1482E-10;0
3.9500E+00;~H+ -> c,S,~X;3.7205E-10;0
3.9500E+00;~H+ -> u,D,~H3;3.6499E-10;0
3.9500E+00;~H+ -> c,S,~H3;3.2550E-10;0
3.9500E+00;~H+ -> ne,E,~X;1.3828E-10;0
3.9500E+00;~H+ -> nm,M,~X;1.3779E-10;0
3.9500E+00;~H+ -> ne,E,~H3;1.2167E-10;0
3.9500E+00;~H+ -> nm,M,~H3;1.2121E-10;0
3.9500E+00;~H+ -> nl,L,~X;5.1824E-11;0
3.9500E+00;~H+ -> nl,L,~H3;4.3178E-11;0
3.9500E+00;~H+ -> ~X,pi+;2.2130E-11;1
3.9500E+00;total;2.0913E-09;-1
4.0000E+00;~H+ -> u,D,~X;4.4170E-10;0
4.0000E+00;~H+ -> c,S,~X;3.9723E-10;0
4.0000E+00;~H+ -> u,D,~H3;3.8927E-10;0
4.0000E+00;~H+ -> c,S,~H3;3.4816E-10;0
4.0000E+00;~H+ -> ne,E,~X;1.4724E-10;0
4.0000E+00;~H+ -> nm,M,~X;1.4673E-10;0
4.0000E+00;~H+ -> ne,E,~H3;1.2976E-10;0
4.0000E+00;~H+ -> nm,M,~H3;1.2929E-10;0
4.0000E+00;~H+ -> nl,L,~X;5.6611E-11;0
4.0000E+00;~H+ -> nl,L,~H3;4.7351E-11;0
4.0000E+00;~H+ -> ~X,pi+;2.2978E-11;1
4.0000E+00;total;2.2333E-09;-1
4.0500E+00;~H+ -> u,D,~X;4.6995E-10;0
4.0500E+00;~H+ -> c,S,~X;4.2373E-10;0
4.0500E+00;~H+ -> u,D,~H3;4.1482E-10;0
4.0500E+00;~H+ -> c,S,~H3;3.7206E-10;0
4.0500E+00;~H+ -> ne,E,~X;1.5666E-10;0
4.0500E+00;~H+ -> nm,M,~X;1.5613E-10;0
4.0500E+00;~H+ -> ne,E,~H3;1.3828E-10;0
4.0500E+00;~H+ -> nm,M,~H3;1.3779E-10;0
4.0500E+00;~H+ -> nl,L,~X;6.1728E-11;0
4.0500E+00;~H+ -> nl,L,~H3;5.1824E-11;0
4.0500E+00;~H+ -> ~X,pi+;2.3847E-11;1
4.0500E+00;total;2.3830E-09;-1
4.1000E+00;~H+ -> u,D,~X;4.9963E-10;0
4.1000E+00;~H+ -> c,S,~X;4.5162E-10;0
4.1000E+00;~H+ -> u,D,~H3;4.4170E-10;0
4.1000E+00;~H+ -> c,S,~H3;3.9723E-10;0
4.1000E+00;~H+ -> ne,E,~X;1.6655E-10;0
4.1000E+00;~H+ -> nm,M,~X;1.6600E-10;0
4.1000E+00;~H+ -> ne,E,~H3;1.4724E-10;0
4.1000E+00;~H+ -> nm,M,~H3;1.4673E-10;0
4.1000E+00;~H+ -> nl,L,~X;6.7191E-11;0
4.1000E+00;~H+ -> nl,L,~H3;5.6611E-11;0
4.1000E+00;~H+ -> ~X,pi+;2.4738E-11;1
4.1000E+00;total;2.5405E-09;-1
4.1500E+00;~H+ -> u,D,~X;5.3079E-10;0
4.1500E+00;~H+ -> c,S,~X;4.8094E-10;0
4.1500E+00;~H+ -> u,D,~H3;4.6995E-10;0
4.1500E+00;~H+ -> c,S,~H3;4.2374E-10;0
4.1500E+00;~H+ -> ne,E,~X;1.7694E-10;0
4.1500E+00;~H+ -> nm,M,~X;1.7637E-10;0
4.1500E+00;~H+ -> ne,E,~H3;1.5666E-10;0
4.1500E+00;~H+ -> nm,M,~H3;1.5613E-10;0
4.1500E+00;~H+ -> nl,L,~X;7.3014E-11;0
4.1500E+00;~H+ -> nl,L,~H3;6.1728E-11;0
4.1500E+00;~H+ -> ~X,pi+;2.5651E-11;1
4.1500E+00;total;2.7063E-09;-1
4.2000E+00;~H+ -> u,D,~X;5.6348E-10;0
4.2000E+00;~H+ -> c,S,~X;5.1175E-10;0
4.2000E+00;~H+ -> u,D,~H3;4.9963E-10;0
4.2000E+00;~H+ -> c,S,~H3;4.5162E-10;0
4.2000E+00;~H+ -> ne,E,~X;1.8784E-10;0
4.2000E+00;~H+ -> nm,M,~X;1.8724E-10;0
4.2000E+00;~H+ -> ne,E,~H3;1.6655E-10;0
4.2000E+00;~H+ -> nm,M,~H3;1.6600E-10;0
4.2000E+00;~H+ -> nl,L,~X;7.9216E-11;0
4.2000E+00;~H+ -> nl,L,~H3;6.7191E-11;0
4.2000E+00;~H+ -> ~X,pi+;2.6586E-11;1
4.2000E+00;total;2.8805E-09;-1
4.2500E+00;~H+ -> u,D,~X;5.9777E-10;0
4.2500E+00;~H+ -> c,S,~X;5.4411E-10;0
4.2500E+00;~H+ -> u,D,~H3;5.3079E-10;0
4.2500E+00;~H+ -> c,S,~H3;4.8095E-10;0
4.2500E+00;~H+ -> ne,E,~X;1.9927E-10;0
4.2500E+00;~H+ -> nm,M,~X;1.9865E-10;0
4.2500E+00;~H+ -> ne,E,~H3;1.7694E-10;0
4.2500E+00;~H+ -> nm,M,~H3;1.7637E-10;0
4.2500E+00;~H+ -> nl,L,~X;8.5812E-11;0
4.2500E+00;~H+ -> nl,L,~H3;7.3015E-11;0
4.2500E+00;~H+ -> ~X,pi+;2.7543E-11;1
4.2500E+00;total;3.0637E-09;-1
4.3000E+00;~H+ -> u,D,~X;6.3370E-10;0
4.3000E+00;~H+ -> c,S,~X;5.7806E-10;0
4.3000E+00;~H+ -> u,D,~H3;5.6348E-10;0
4.3000E+00;~H+ -> c,S,~H3;5.1176E-10;0
4.3000E+00;~H+ -> ne,E,~X;2.1124E-10;0
4.3000E+00;~H+ -> nm,M,~X;2.1061E-10;0
4.3000E+00;~H+ -> ne,E,~H3;1.8784E-10;0
4.3000E+00;~H+ -> nm,M,~H3;1.8725E-10;0
4.3000E+00;~H+ -> nl,L,~X;9.2820E-11;0
4.3000E+00;~H+ -> nl,L,~H3;7.9216E-11;0
4.3000E+00;~H+ -> ~X,pi+;2.8522E-11;1
4.3000E+00;total;3.2560E-09;-1
4.3500E+00;~H+ -> u,D,~X;6.7133E-10;0
4.3500E+00;~H+ -> c,S,~X;6.1368E-10;0
4.3500E+00;~H+ -> u,D,~H3;5.9777E-10;0
4.3500E+00;~H+ -> c,S,~H3;5.4411E-10;0
4.3500E+00;~H+ -> ne,E,~X;2.2379E-10;0
4.3500E+00;~H+ -> nm,M,~X;2.2313E-10;0
4.3500E+00;~H+ -> ne,E,~H3;1.9927E-10;0
4.3500E+00;~H+ -> nm,M,~H3;1.9865E-10;0
4.3500E+00;~H+ -> nl,L,~X;1.0026E-10;0
4.3500E+00;~H+ -> nl,L,~H3;8.5812E-11;0
4.3500E+00;~H+ -> ~X,pi+;2.9525E-11;1
4.3500E+00;total;3.4578E-09;-1
4.4000E+00;~H+ -> u,D,~X;7.1073E-10;0
4.4000E+00;~H+ -> c,S,~X;6.5101E-10;0
4.4000E+00;~H+ -> u,D,~H3;6.3370E-10;0
4.4000E+00;~H+ -> c,S,~H3;5.7807E-10;0
4.4000E+00;~H+ -> ne,E,~X;2.3692E-10;0
4.4000E+00;~H+ -> nm,M,~X;2.3624E-10;0
4.4000E+00;~H+ -> ne,E,~H3;2.1124E-10;0
4.4000E+00;~H+ -> nm,M,~H3;2.1061E-10;0
4.4000E+00;~H+ -> nl,L,~X;1.0814E-10;0
4.4000E+00;~H+ -> nl,L,~H3;9.2821E-11;0
4.4000E+00;~H+ -> ~X,pi+;3.0551E-11;1
4.4000E+00;total;3.6695E-09;-1
4.4500E+00;~H+ -> u,D,~X;7.5196E-10;0
4.4500E+00;~H+ -> c,S,~X;6.9012E-10;0
4.4500E+00;~H+ -> u,D,~H3;6.7133E-10;0
4.4500E+00;~H+ -> c,S,~H3;6.1368E-10;0
4.4500E+00;~H+ -> ne,E,~X;2.5067E-10;0
4.4500E+00;~H+ -> nm,M,~X;2.4996E-10;0
4.4500E+00;~H+ -> ne,E,~H3;2.2379E-10;0
4.4500E+00;~H+ -> nm,M,~H3;2.2313E-10;0
4.4500E+00;~H+ -> nl,L,~X;1.1650E-10;0
4.4500E+00;~H+ -> nl,L,~H3;1.0026E-10;0
4.4500E+00;~H+ -> ~X,pi+;3.1600E-11;1
4.4500E+00;total;3.8914E-09;-1
4.5000E+00;~H+ -> u,D,~X;7.9508E-10;0
4.5000E+00;~H+ -> c,S,~X;7.3107E-10;0
4.5000E+00;~H+ -> u,D,~H3;7.1074E-10;0
4.5000E+00;~H+ -> c,S,~H3;6.5101E-10;0
4.5000E+00;~H+ -> ne,E,~X;2.6504E-10;0
4.5000E+00;~H+ -> nm,M,~X;2.6431E-10;0
4.5000E+00;~H+ -> ne,E,~H3;2.3692E-10;0
4.5000E+00;~H+ -> nm,M,~H3;2.3624E-10;0
4.5000E+00;~H+ -> nl,L,~X;1.2534E-10;0
4.5000E+00;~H+ -> nl,L,~H3;1.0814E-10;0
4.5000E+00;~H+ -> ~X,pi+;3.2672E-11;1
4.5000E+00;total;4.1239E-09;-1
4.5500E+00;~H+ -> u,D,~X;8.4016E-10;0
4.5500E+00;~H+ -> c,S,~X;7.7393E-10;0
4.5500E+00;~H+ -> u,D,~H3;7.5197E-10;0
4.5500E+00;~H+ -> c,S,~H3;6.9012E-10;0
4.5500E+00;~H+ -> ne,E,~X;2.8007E-10;0
4.5500E+00;~H+ -> nm,M,~X;2.7931E-10;0
4.5500E+00;~H+ -> ne,E,~H3;2.5067E-10;0
4.5500E+00;~H+ -> nm,M,~H3;2.4996E-10;0
4.5500E+00;~H+ -> nl,L,~X;1.3468E-10;0
4.5500E+00;~H+ -> nl,L,~H3;1.1650E-10;0
4.5500E+00;~H+ -> ~X,pi+;3.3769E-11;1
4.5500E+00;total;4.3674E-09;-1
4.6000E+00;~H+ -> u,D,~X;8.8725E-10;0
4.6000E+00;~H+ -> c,S,~X;8.1875E-10;0
4.6000E+00;~H+ -> u,D,~H3;7.9509E-10;0
4.6000E+00;~H+ -> c,S,~H3;7.3107E-10;0
4.6000E+00;~H+ -> ne,E,~X;2.9576E-10;0
4.6000E+00;~H+ -> nm,M,~X;2.9499E-10;0
4.6000E+00;~H+ -> ne,E,~H3;2.6504E-10;0
4.6000E+00;~H+ -> nm,M,~H3;2.6431E-10;0
4.6000E+00;~H+ -> nl,L,~X;1.4455E-10;0
4.6000E+00;~H+ -> nl,L,~H3;1.2534E-10;0
4.6000E+00;~H+ -> ~X,pi+;3.4890E-11;1
4.6000E+00;total;4.6222E-09;-1
4.6500E+00;~H+ -> u,D,~X;9.3643E-10;0
4.6500E+00;~H+ -> c,S,~X;8.6561E-10;0
4.6500E+00;~H+ -> u,D,~H3;8.4016E-10;0
4.6500E+00;~H+ -> c,S,~H3;7.7393E-10;0
4.6500E+00;~H+ -> ne,E,~X;3.1216E-10;0
4.6500E+00;~H+ -> nm,M,~X;3.1135E-10;0
4.6500E+00;~H+ -> ne,E,~H3;2.8007E-10;0
4.6500E+00;~H+ -> nm,M,~H3;2.7931E-10;0
4.6500E+00;~H+ -> nl,L,~X;1.5496E-10;0
4.6500E+00;~H+ -> nl,L,~H3;1.3468E-10;0
4.6500E+00;~H+ -> ~X,pi+;3.6035E-11;1
4.6500E+00;total;4.8887E-09;-1
4.7000E+00;~H+ -> u,D,~X;9.8777E-10;0
4.7000E+00;~H+ -> c,S,~X;9.1458E-10;0
4.7000E+00;~H+ -> u,D,~H3;8.8725E-10;0
4.7000E+00;~H+ -> c,S,~H3;8.1876E-10;0
4.7000E+00;~H+ -> ne,E,~X;3.2927E-10;0
4.7000E+00;~H+ -> nm,M,~X;3.2844E-10;0
4.7000E+00;~H+ -> ne,E,~H3;2.9576E-10;0
4.7000E+00;~H+ -> nm,M,~H3;2.9499E-10;0
4.7000E+00;~H+ -> nl,L,~X;1.6595E-10;0
4.7000E+00;~H+ -> nl,L,~H3;1.4455E-10;0
4.7000E+00;~H+ -> ~X,pi+;3.7205E-11;1
4.7000E+00;total;5.1673E-09;-1
4.7500E+00;~H+ -> u,D,~X;1.0413E-09;0
4.7500E+00;~H+ -> c,S,~X;9.6572E-10;0
4.7500E+00;~H+ -> u,D,~H3;9.3644E-10;0
4.7500E+00;~H+ -> c,S,~H3;8.6562E-10;0
4.7500E+00;~H+ -> ne,E,~X;3.4712E-10;0
4.7500E+00;~H+ -> nm,M,~X;3.4627E-10;0
4.7500E+00;~H+ -> ne,E,~H3;3.1216E-10;0
4.7500E+00;~H+ -> nm,M,~H3;3.1135E-10;0
4.7500E+00;~H+ -> nl,L,~X;1.7752E-10;0
4.7500E+00;~H+ -> nl,L,~H3;1.5497E-10;0
4.7500E+00;~H+ -> ~X,pi+;3.8399E-11;1
4.7500E+00;total;5.4585E-09;-1
4.8000E+00;~H+ -> u,D,~X;1.0972E-09;0
4.8000E+00;~H+ -> c,S,~X;1.0191E-09;0
4.8000E+00;~H+ -> u,D,~H3;9.8777E-10;0
4.8000E+00;~H+ -> c,S,~H3;9.1458E-10;0
4.8000E+00;~H+ -> ne,E,~X;3.6574E-10;0
4.8000E+00;~H+ -> nm,M,~X;3.6486E-10;0
4.8000E+00;~H+ -> ne,E,~H3;3.2927E-10;0
4.8000E+00;~H+ -> nm,M,~H3;3.2844E-10;0
4.8000E+00;~H+ -> nl,L,~X;1.8970E-10;0
4.8000E+00;~H+ -> nl,L,~H3;1.6595E-10;0
4.8000E+00;~H+ -> ~X,pi+;3.9619E-11;1
4.8000E+00;total;5.7626E-09;-1
4.8500E+00;~H+ -> u,D,~X;1.1554E-09;0
4.8500E+00;~H+ -> c,S,~X;1.0748E-09;0
4.8500E+00;~H+ -> u,D,~H3;1.0413E-09;0
4.8500E+00;~H+ -> c,S,~H3;9.6572E-10;0
4.8500E+00;~H+ -> ne,E,~X;3.8515E-10;0
4.8500E+00;~H+ -> nm,M,~X;3.8424E-10;0
4.8500E+00;~H+ -> ne,E,~H3;3.4712E-10;0
4.8500E+00;~H+ -> nm,M,~H3;3.4627E-10;0
4.8500E+00;~H+ -> nl,L,~X;2.0252E-10;0
4.8500E+00;~H+ -> nl,L,~H3;1.7752E-10;0
4.8500E+00;~H+ -> ~X,pi+;4.0865E-11;1
4.8500E+00;total;6.0801E-09;-1
4.9000E+00;~H+ -> u,D,~X;1.2161E-09;0
4.9000E+00;~H+ -> c,S,~X;1.1329E-09;0
4.9000E+00;~H+ -> u,D,~H3;1.0972E-09;0
4.9000E+00;~H+ -> c,S,~H3;1.0191E-09;0
4.9000E+00;~H+ -> ne,E,~X;4.0538E-10;0
4.9000E+00;~H+ -> nm,M,~X;4.0444E-10;0
4.9000E+00;~H+ -> ne,E,~H3;3.6574E-10;0
4.9000E+00;~H+ -> nm,M,~H3;3.6486E-10;0
4.9000E+00;~H+ -> nl,L,~X;2.1599E-10;0
4.9000E+00;~H+ -> nl,L,~H3;1.8970E-10;0
4.9000E+00;~H+ -> ~X,pi+;4.2136E-11;1
4.9000E+00;total;6.4114E-09;-1
4.9500E+00;~H+ -> u,D,~X;1.2793E-09;0
4.9500E+00;~H+ -> c,S,~X;1.1935E-09;0
4.9500E+00;~H+ -> u,D,~H3;1.1554E-09;0
4.9500E+00;~H+ -> c,S,~H3;1.0748E-09;0
4.9500E+00;~H+ -> ne,E,~X;4.2644E-10;0
4.9500E+00;~H+ -> nm,M,~X;4.2547E-10;0
4.9500E+00;~H+ -> ne,E,~H3;3.8515E-10;0
4.9500E+00;~H+ -> nm,M,~H3;3.8424E-10;0
4.9500E+00;~H+ -> nl,L,~X;2.3015E-10;0
4.9500E+00;~H+ -> nl,L,~H3;2.0252E-10;0
4.9500E+00;~H+ -> ~X,pi+;4.3433E-11;1
4.9500E+00;total;6.7569E-09;-1
5.0000E+00;~H+ -> u,D,~X;1.3451E-09;0
5.0000E+00;~H+ -> c,S,~X;1.2566E-09;0
5.0000E+00;~H+ -> u,D,~H3;1.2161E-09;0
5.0000E+00;~H+ -> c,S,~H3;1.1329E-09;0
5.0000E+00;~H+ -> ne,E,~X;4.4837E-10;0
5.0000E+00;~H+ -> nm,M,~X;4.4737E-10;0
5.0000E+00;~H+ -> ne,E,~H3;4.0538E-10;0
5.0000E+00;~H+ -> nm,M,~H3;4.0444E-10;0
5.0000E+00;~H+ -> nl,L,~X;2.4501E-10;0
5.0000E+00;~H+ -> nl,L,~H3;2.1600E-10;0
5.0000E+00;~H+ -> ~X,pi+;4.4756E-11;1
5.0000E+00;total;7.1172E-09;-1
5.0500E+00;~H+ -> u,D,~X;1.4135E-09;0
5.0500E+00;~H+ -> c,S,~X;1.3223E-09;0
5.0500E+00;~H+ -> u,D,~H3;1.2793E-09;0
5.0500E+00;~H+ -> c,S,~H3;1.1935E-09;0
5.0500E+00;~H+ -> ne,E,~X;4.7120E-10;0
5.0500E+00;~H+ -> nm,M,~X;4.7017E-10;0
5.0500E+00;~H+ -> ne,E,~H3;4.2644E-10;0
5.0500E+00;~H+ -> nm,M,~H3;4.2547E-10;0
5.0500E+00;~H+ -> nl,L,~X;2.6060E-10;0
5.0500E+00;~H+ -> nl,L,~H3;2.3015E-10;0
5.0500E+00;~H+ -> ~X,pi+;4.6106E-11;1
5.0500E+00;total;7.4926E-09;-1
5.1000E+00;~H+ -> u,D,~X;1.4848E-09;0
5.1000E+00;~H+ -> c,S,~X;1.3907E-09;0
5.1000E+00;~H+ -> u,D,~H3;1.3451E-09;0
5.1000E+00;~H+ -> c,S,~H3;1.2566E-09;0
5.1000E+00;~H+ -> ne,E,~X;4.9494E-10;0
5.1000E+00;~H+ -> nm,M,~X;4.9388E-10;0
5.1000E+00;~H+ -> ne,E,~H3;4.4837E-10;0
5.1000E+00;~H+ -> nm,M,~H3;4.4738E-10;0
5.1000E+00;~H+ -> nl,L,~X;2.7694E-10;0
5.1000E+00;~H+ -> nl,L,~H3;2.4501E-10;0
5.1000E+00;~H+ -> ~X,pi+;4.7482E-11;1
5.1000E+00;total;7.8836E-09;-1
5.1500E+00;~H+ -> u,D,~X;1.5588E-09;0
5.1500E+00;~H+ -> c,S,~X;1.4619E-09;0
5.1500E+00;~H+ -> u,D,~H3;1.4135E-09;0
5.1500E+00;~H+ -> c,S,~H3;1.3223E-09;0
5.1500E+00;~H+ -> ne,E,~X;5.1963E-10;0
5.1500E+00;~H+ -> nm,M,~X;5.1854E-10;0
5.1500E+00;~H+ -> ne,E,~H3;4.7120E-10;0
5.1500E+00;~H+ -> nm,M,~H3;4.7017E-10;0
5.1500E+00;~H+ -> nl,L,~X;2.9406E-10;0
5.1500E+00;~H+ -> nl,L,~H3;2.6060E-10;0
5.1500E+00;~H+ -> ~X,pi+;4.8885E-11;1
5.1500E+00;total;8.2908E-09;-1
5.2000E+00;~H+ -> u,D,~X;1.6358E-09;0
5.2000E+00;~H+ -> c,S,~X;1.5360E-09;0
5.2000E+00;~H+ -> u,D,~H3;1.4848E-09;0
5.2000E+00;~H+ -> c,S,~H3;1.3907E-09;0
5.2000E+00;~H+ -> ne,E,~X;5.4529E-10;0
5.2000E+00;~H+ -> nm,M,~X;5.4417E-10;0
5.2000E+00;~H+ -> ne,E,~H3;4.9494E-10;0
5.2000E+00;~H+ -> nm,M,~H3;4.9388E-10;0
5.2000E+00;~H+ -> nl,L,~X;3.1199E-10;0
5.2000E+00;~H+ -> nl,L,~H3;2.7694E-10;0
5.2000E+00;~H+ -> ~X,pi+;5.0316E-11;1
5.2000E+00;total;8.7145E-09;-1
5.2500E+00;~H+ -> u,D,~X;1.7158E-09;0
5.2500E+00;~H+ -> c,S,~X;1.6130E-09;0
5.2500E+00;~H+ -> u,D,~H3;1.5588E-09;0
5.2500E+00;~H+ -> c,S,~H3;1.4619E-09;0
5.2500E+00;~H+ -> ne,E,~X;5.7196E-10;0
5.2500E+00;~H+ -> nm,M,~X;5.7080E-10;0
5.2500E+00;~H+ -> ne,E,~H3;5.1963E-10;0
5.2500E+00;~H+ -> nm,M,~H3;5.1854E-10;0
5.2500E+00;~H+ -> nl,L,~X;3.3075E-10;0
5.2500E+00;~H+ -> nl,L,~H3;2.9406E-10;0
5.2500E+00;~H+ -> ~X,pi+;5.1774E-11;1
5.2500E+00;total;9.1553E-09;-1
5.3000E+00;~H+ -> u,D,~X;1.7989E-09;0
5.3000E+00;~H+ -> c,S,~X;1.6931E-09;0
5.3000E+00;~H+ -> u,D,~H3;1.6358E-09;0
5.3000E+00;~H+ -> c,S,~H3;1.5360E-09;0
5.3000E+00;~H+ -> ne,E,~X;5.9966E-10;0
5.3000E+00;~H+ -> nm,M,~X;5.9847E-10;0
5.3000E+00;~H+ -> ne,E,~H3;5.4529E-10;0
5.3000E+00;~H+ -> nm,M,~H3;5.4417E-10;0
5.3000E+00;~H+ -> nl,L,~X;3.5038E-10;0
5.3000E+00;~H+ -> nl,L,~H3;3.1199E-10;0
5.3000E+00;~H+ -> ~X,pi+;5.3260E-11;1
5.3000E+00;total;9.6138E-09;-1
5.3500E+00;~H+ -> u,D,~X;1.8852E-09;0
5.3500E+00;~H+ -> c,S,~X;1.7763E-09;0
5.3500E+00;~H+ -> u,D,~H3;1.7158E-09;0
5.3500E+00;~H+ -> c,S,~H3;1.6130E-09;0
5.3500E+00;~H+ -> ne,E,~X;6.2842E-10;0
5.3500E+00;~H+ -> nm,M,~X;6.2719E-10;0
5.3500E+00;~H+ -> ne,E,~H3;5.7196E-10;0
5.3500E+00;~H+ -> nm,M,~H3;5.7080E-10;0
5.3500E+00;~H+ -> nl,L,~X;3.7089E-10;0
5.3500E+00;~H+ -> nl,L,~H3;3.3075E-10;0
5.3500E+00;~H+ -> ~X,pi+;5.4774E-11;1
5.3500E+00;total;1.0090E-08;-1
5.4000E+00;~H+ -> u,D,~X;1.9748E-09;0
5.4000E+00;~H+ -> c,S,~X;1.8627E-09;0
5.4000E+00;~H+ -> u,D,~H3;1.7989E-09;0
5.4000E+00;~H+ -> c,S,~H3;1.6931E-09;0
5.4000E+00;~H+ -> ne,E,~X;6.5827E-10;0
5.4000E+00;~H+ -> nm,M,~X;6.5701E-10;0
5.4000E+00;~H+ -> ne,E,~H3;5.9966E-10;0
5.4000E+00;~H+ -> nm,M,~H3;5.9847E-10;0
5.4000E+00;~H+ -> nl,L,~X;3.9232E-10;0
5.4000E+00;~H+ -> nl,L,~H3;3.5038E-10;0
5.4000E+00;~H+ -> ~X,pi+;5.6316E-11;1
5.4000E+00;total;1.0586E-08;-1
5.4500E+00;~H+ -> u,D,~X;2.0677E-09;0
5.4500E+00;~H+ -> c,S,~X;1.9524E-09;0
5.4500E+00;~H+ -> u,D,~H3;1.8852E-09;0
5.4500E+00;~H+ -> c,S,~H3;1.7763E-09;0
5.4500E+00;~H+ -> ne,E,~X;6.8925E-10;0
5.4500E+00;~H+ -> nm,M,~X;6.8795E-10;0
5.4500E+00;~H+ -> ne,E,~H3;6.2842E-10;0
5.4500E+00;~H+ -> nm,M,~H3;6.2720E-10;0
5.4500E+00;~H+ -> nl,L,~X;4.1469E-10;0
5.4500E+00;~H+ -> nl,L,~H3;3.7089E-10;0
5.4500E+00;~H+ -> ~X,pi+;5.7887E-11;1
5.4500E+00;total;1.1100E-08;-1
5.5000E+00;~H+ -> u,D,~X;2.1641E-09;0
5.5000E+00;~H+ -> c,S,~X;2.0456E-09;0
5.5000E+00;~H+ -> u,D,~H3;1.9748E-09;0
5.5000E+00;~H+ -> c,S,~H3;1.8627E-09;0
5.5000E+00;~H+ -> ne,E,~X;7.2138E-10;0
5.5000E+00;~H+ -> nm,M,~X;7.2005E-10;0
5.5000E+00;~H+ -> ne,E,~H3;6.5827E-10;0
5.5000E+00;~H+ -> nm,M,~H3;6.5701E-10;0
5.5000E+00;~H+ -> nl,L,~X;4.3804E-10;0
5.5000E+00;~H+ -> nl,L,~H3;3.9232E-10;0
5.5000E+00;~H+ -> ~X,pi+;5.9486E-11;1
5.5000E+00;total;1.1634E-08;-1
5.5500E+00;~H+ -> u,D,~X;2.2640E-09;0
5.5500E+00;~H+ -> c,S,~X;2.1422E-09;0
5.5500E+00;~H+ -> u,D,~H3;2.0677E-09;0
5.5500E+00;~H+ -> c,S,~H3;1.9525E-09;0
5.5500E+00;~H+ -> ne,E,~X;7.5469E-10;0
5.5500E+00;~H+ -> nm,M,~X;7.5333E-10;0
5.5500E+00;~H+ -> ne,E,~H3;6.8925E-10;0
5.5500E+00;~H+ -> nm,M,~H3;6.8796E-10;0
5.5500E+00;~H+ -> nl,L,~X;4.6240E-10;0
5.5500E+00;~H+ -> nl,L,~H3;4.1469E-10;0
5.5500E+00;~H+ -> ~X,pi+;6.1115E-11;1
5.5500E+00;total;1.2189E-08;-1
5.6000E+00;~H+ -> u,D,~X;2.3676E-09;0
5.6000E+00;~H+ -> c,S,~X;2.2424E-09;0
5.6000E+00;~H+ -> u,D,~H3;2.1641E-09;0
5.6000E+00;~H+ -> c,S,~H3;2.0456E-09;0
5.6000E+00;~H+ -> ne,E,~X;7.8923E-10;0
5.6000E+00;~H+ -> nm,M,~X;7.8783E-10;0
5.6000E+00;~H+ -> ne,E,~H3;7.2138E-10;0
5.6000E+00;~H+ -> nm,M,~H3;7.2005E-10;0
5.6000E+00;~H+ -> nl,L,~X;4.8779E-10;0
5.6000E+00;~H+ -> nl,L,~H3;4.3804E-10;0
5.6000E+00;~H+ -> ~X,pi+;6.2772E-11;1
5.6000E+00;total;1.2764E-08;-1
5.6500E+00;~H+ -> u,D,~X;2.4750E-09;0
5.6500E+00;~H+ -> c,S,~X;2.3463E-09;0
5.6500E+00;~H+ -> u,D,~H3;2.2640E-09;0
5.6500E+00;~H+ -> c,S,~H3;2.1422E-09;0
5.6500E+00;~H+ -> ne,E,~X;8.2502E-10;0
5.6500E+00;~H+ -> nm,M,~X;8.2358E-10;0
5.6500E+00;~H+ -> ne,E,~H3;7.5470E-10;0
5.6500E+00;~H+ -> nm,M,~H3;7.5333E-10;0
5.6500E+00;~H+ -> nl,L,~X;5.1425E-10;0
5.6500E+00;~H+ -> nl,L,~H3;4.6240E-10;0
5.6500E+00;~H+ -> ~X,pi+;6.4460E-11;1
5.6500E+00;total;1.3361E-08;-1
5.7000E+00;~H+ -> u,D,~X;2.5862E-09;0
5.7000E+00;~H+ -> c,S,~X;2.4541E-09;0
5.7000E+00;~H+ -> u,D,~H3;2.3676E-09;0
5.7000E+00;~H+ -> c,S,~H3;2.2424E-09;0
5.7000E+00;~H+ -> ne,E,~X;8.6209E-10;0
5.7000E+00;~H+ -> nm,M,~X;8.6061E-10;0
5.7000E+00;~H+ -> ne,E,~H3;7.8923E-10;0
5.7000E+00;~H+ -> nm,M,~H3;7.8783E-10;0
5.7000E+00;~H+ -> nl,L,~X;5.4181E-10;0
5.7000E+00;~H+ -> nl,L,~H3;4.8779E-10;0
5.7000E+00;~H+ -> ~X,pi+;6.6177E-11;1
5.7000E+00;total;1.3980E-08;-1
5.7500E+00;~H+ -> u,D,~X;2.7014E-09;0
5.7500E+00;~H+ -> c,S,~X;2.5657E-09;0
5.7500E+00;~H+ -> u,D,~H3;2.4750E-09;0
5.7500E+00;~H+ -> c,S,~H3;2.3464E-09;0
5.7500E+00;~H+ -> ne,E,~X;9.0048E-10;0
5.7500E+00;~H+ -> nm,M,~X;8.9897E-10;0
5.7500E+00;~H+ -> ne,E,~H3;8.2502E-10;0
5.7500E+00;~H+ -> nm,M,~H3;8.2358E-10;0
5.7500E+00;~H+ -> nl,L,~X;5.7051E-10;0
5.7500E+00;~H+ -> nl,L,~H3;5.1425E-10;0
5.7500E+00;~H+ -> ~X,pi+;6.7924E-11;1
5.7500E+00;total;1.4621E-08;-1
5.8000E+00;~H+ -> u,D,~X;2.8206E-09;0
5.8000E+00;~H+ -> c,S,~X;2.6813E-09;0
5.8000E+00;~H+ -> u,D,~H3;2.5862E-09;0
5.8000E+00;~H+ -> c,S,~H3;2.4541E-09;0
5.8000E+00;~H+ -> ne,E,~X;9.4023E-10;0
5.8000E+00;~H+ -> nm,M,~X;9.3867E-10;0
5.8000E+00;~H+ -> ne,E,~H3;8.6209E-10;0
5.8000E+00;~H+ -> nm,M,~H3;8.6062E-10;0
5.8000E+00;~H+ -> nl,L,~X;6.0037E-10;0
5.8000E+00;~H+ -> nl,L,~H3;5.4182E-10;0
5.8000E+00;~H+ -> ~X,pi+;6.9702E-11;1
5.8000E+00;total;1.5286E-08;-1
5.8500E+00;~H+ -> u,D,~X;2.9440E-09;0
5.8500E+00;~H+ -> c,S,~X;2.8010E-09;0
5.8500E+00;~H+ -> u,D,~H3;2.7014E-09;0
5.8500E+00;~H+ -> c,S,~H3;2.5657E-09;0
5.8500E+00;~H+ -> ne,E,~X;9.8137E-10;0
5.8500E+00;~H+ -> nm,M,~X;9.7977E-10;0
5.8500E+00;~H+ -> ne,E,~H3;9.0049E-10;0
5.8500E+00;~H+ -> nm,M,~H3;8.9897E-10;0
5.8500E+00;~H+ -> nl,L,~X;6.3143E-10;0
5.8500E+00;~H+ -> nl,L,~H3;5.7051E-10;0
5.8500E+00;~H+ -> ~X,pi+;7.1510E-11;1
5.8500E+00;total;1.5975E-08;-1
5.9000E+00;~H+ -> u,D,~X;3.0717E-09;0
5.9000E+00;~H+ -> c,S,~X;2.9249E-09;0
5.9000E+00;~H+ -> u,D,~H3;2.8206E-09;0
5.9000E+00;~H+ -> c,S,~H3;2.6813E-09;0
5.9000E+00;~H+ -> ne,E,~X;1.0239E-09;0
5.9000E+00;~H+ -> nm,M,~X;1.0223E-09;0
5.9000E+00;~H+ -> ne,E,~H3;9.4023E-10;0
5.9000E+00;~H+ -> nm,M,~H3;9.3868E-10;0
5.9000E+00;~H+ -> nl,L,~X;6.6372E-10;0
5.9000E+00;~H+ -> nl,L,~H3;6.0037E-10;0
5.9000E+00;~H+ -> ~X,pi+;7.3348E-11;1
5.9000E+00;total;1.6688E-08;-1
5.9500E+00;~H+ -> u,D,~X;3.2038E-09;0
5.9500E+00;~H+ -> c,S,~X;3.0532E-09;0
5.9500E+00;~H+ -> u,D,~H3;2.9440E-09;0
5.9500E+00;~H+ -> c,S,~H3;2.8010E-09;0
5.9500E+00;~H+ -> ne,E,~X;1.0680E-09;0
5.9500E+00;~H+ -> nm,M,~X;1.0663E-09;0
5.9500E+00;~H+ -> ne,E,~H3;9.8137E-10;0
5.9500E+00;~H+ -> nm,M,~H3;9.7977E-10;0
5.9500E+00;~H+ -> nl,L,~X;6.9729E-10;0
5.9500E+00;~H+ -> nl,L,~H3;6.3143E-10;0
5.9500E+00;~H+ -> ~X,pi+;7.5218E-11;1
5.9500E+00;total;1.7426E-08;-1
6.0000E+00;~H+ -> u,D,~X;3.3404E-09;0
6.0000E+00;~H+ -> c,S,~X;3.1859E-09;0
6.0000E+00;~H+ -> u,D,~H3;3.0717E-09;0
6.0000E+00;~H+ -> c,S,~H3;2.9249E-09;0
6.0000E+00;~H+ -> ne,E,~X;1.1135E-09;0
6.0000E+00;~H+ -> nm,M,~X;1.1118E-09;0
6.0000E+00;~H+ -> ne,E,~H3;1.0239E-09;0
6.0000E+00;~H+ -> nm,M,~H3;1.0223E-09;0
6.0000E+00;~H+ -> nl,L,~X;7.3216E-10;0
6.0000E+00;~H+ -> nl,L,~H3;6.6373E-10;0
6.0000E+00;~H+ -> ~X,pi+;7.7119E-11;1
6.0000E+00;total;1.8190E-08;-1
6.0500E+00;~H+ -> u,D,~X;3.4816E-09;0
6.0500E+00;~H+ -> c,S,~X;3.3231E-09;0
6.0500E+00;~H+ -> u,D,~H3;3.2038E-09;0
6.0500E+00;~H+ -> c,S,~H3;3.0532E-09;0
6.0500E+00;~H+ -> ne,E,~X;1.1606E-09;0
6.0500E+00;~H+ -> nm,M,~X;1.1588E-09;0
6.0500E+00;~H+ -> ne,E,~H3;1.0680E-09;0
6.0500E+00;~H+ -> nm,M,~H3;1.0663E-09;0
6.0500E+00;~H+ -> nl,L,~X;7.6837E-10;0
6.0500E+00;~H+ -> nl,L,~H3;6.9729E-10;0
6.0500E+00;~H+ -> ~X,pi+;7.9052E-11;1
6.0500E+00;total;1.8981E-08;-1
6.1000E+00;~H+ -> u,D,~X;3.6275E-09;0
6.1000E+00;~H+ -> c,S,~X;3.4650E-09;0
6.1000E+00;~H+ -> u,D,~H3;3.3404E-09;0
6.1000E+00;~H+ -> c,S,~H3;3.1859E-09;0
6.1000E+00;~H+ -> ne,E,~X;1.2092E-09;0
6.1000E+00;~H+ -> nm,M,~X;1.2074E-09;0
6.1000E+00;~H+ -> ne,E,~H3;1.1135E-09;0
6.1000E+00;~H+ -> nm,M,~H3;1.1118E-09;0
6.1000E+00;~H+ -> nl,L,~X;8.0595E-10;0
6.1000E+00;~H+ -> nl,L,~H3;7.3216E-10;0
6.1000E+00;~H+ -> ~X,pi+;8.1017E-11;1
6.1000E+00;total;1.9799E-08;-1
6.1500E+00;~H+ -> u,D,~X;3.7783E-09;0
6.1500E+00;~H+ -> c,S,~X;3.6117E-09;0
6.1500E+00;~H+ -> u,D,~H3;3.4816E-09;0
6.1500E+00;~H+ -> c,S,~H3;3.3231E-09;0
6.1500E+00;~H+ -> ne,E,~X;1.2595E-09;0
6.1500E+00;~H+ -> nm,M,~X;1.2576E-09;0
6.1500E+00;~H+ -> ne,E,~H3;1.1606E-09;0
6.1500E+00;~H+ -> nm,M,~H3;1.1588E-09;0
6.1500E+00;~H+ -> nl,L,~X;8.4496E-10;0
6.1500E+00;~H+ -> nl,L,~H3;7.6837E-10;0
6.1500E+00;~H+ -> ~X,pi+;8.3014E-11;1
6.1500E+00;total;2.0644E-08;-1
6.2000E+00;~H+ -> u,D,~X;3.9340E-09;0
6.2000E+00;~H+ -> c,S,~X;3.7633E-09;0
6.2000E+00;~H+ -> u,D,~H3;3.6275E-09;0
6.2000E+00;~H+ -> c,S,~H3;3.4650E-09;0
6.2000E+00;~H+ -> ne,E,~X;1.3114E-09;0
6.2000E+00;~H+ -> nm,M,~X;1.3095E-09;0
6.2000E+00;~H+ -> ne,E,~H3;1.2092E-09;0
6.2000E+00;~H+ -> nm,M,~H3;1.2074E-09;0
6.2000E+00;~H+ -> nl,L,~X;8.8541E-10;0
6.2000E+00;~H+ -> nl,L,~H3;8.0596E-10;0
6.2000E+00;~H+ -> ~X,pi+;8.5043E-11;1
6.2000E+00;total;2.1519E-08;-1
6.2500E+00;~H+ -> u,D,~X;4.0949E-09;0
6.2500E+00;~H+ -> c,S,~X;3.9199E-09;0
6.2500E+00;~H+ -> u,D,~H3;3.7783E-09;0
6.2500E+00;~H+ -> c,S,~H3;3.6117E-09;0
6.2500E+00;~H+ -> ne,E,~X;1.3650E-09;0
6.2500E+00;~H+ -> nm,M,~X;1.3630E-09;0
6.2500E+00;~H+ -> ne,E,~H3;1.2595E-09;0
6.2500E+00;~H+ -> nm,M,~H3;1.2576E-09;0
6.2500E+00;~H+ -> nl,L,~X;9.2736E-10;0
6.2500E+00;~H+ -> nl,L,~H3;8.4496E-10;0
6.2500E+00;~H+ -> ~X,pi+;8.7104E-11;1
6.2500E+00;total;2.2422E-08;-1
6.3000E+00;~H+ -> u,D,~X;4.2609E-09;0
6.3000E+00;~H+ -> c,S,~X;4.0817E-09;0
6.3000E+00;~H+ -> u,D,~H3;3.9340E-09;0
6.3000E+00;~H+ -> c,S,~H3;3.7633E-09;0
6.3000E+00;~H+ -> ne,E,~X;1.4203E-09;0
6.3000E+00;~H+ -> nm,M,~X;1.4183E-09;0
6.3000E+00;~H+ -> ne,E,~H3;1.3114E-09;0
6.3000E+00;~H+ -> nm,M,~H3;1.3095E-09;0
6.3000E+00;~H+ -> nl,L,~X;9.7084E-10;0
6.3000E+00;~H+ -> nl,L,~H3;8.8542E-10;0
6.3000E+00;~H+ -> ~X,pi+;8.9199E-11;1
6.3000E+00;total;2.3356E-08;-1
6.3500E+00;~H+ -> u,D,~X;4.4323E-09;0
6.3500E+00;~H+ -> c,S,~X;4.2487E-09;0
6.3500E+00;~H+ -> u,D,~H3;4.0949E-09;0
6.3500E+00;~H+ -> c,S,~H3;3.9199E-09;0
6.3500E+00;~H+ -> ne,E,~X;1.4775E-09;0
6.3500E+00;~H+ -> nm,M,~X;1.4754E-09;0
6.3500E+00;~H+ -> ne,E,~H3;1.3650E-09;0
6.3500E+00;~H+ -> nm,M,~H3;1.3630E-09;0
6.3500E+00;~H+ -> nl,L,~X;1.0159E-09;0
6.3500E+00;~H+ -> nl,L,~H3;9.2736E-10;0
6.3500E+00;~H+ -> ~X,pi+;9.1326E-11;1
6.3500E+00;total;2.4320E-08;-1
6.4000E+00;~H+ -> u,D,~X;4.6091E-09;0
6.4000E+00;~H+ -> c,S,~X;4.4211E-09;0
6.4000E+00;~H+ -> u,D,~H3;4.2609E-09;0
6.4000E+00;~H+ -> c,S,~H3;4.0817E-09;0
6.4000E+00;~H+ -> ne,E,~X;1.5364E-09;0
6.4000E+00;~H+ -> nm,M,~X;1.5343E-09;0
6.4000E+00;~H+ -> ne,E,~H3;1.4203E-09;0
6.4000E+00;~H+ -> nm,M,~H3;1.4183E-09;0
6.4000E+00;~H+ -> nl,L,~X;1.0626E-09;0
6.4000E+00;~H+ -> nl,L,~H3;9.7085E-10;0
6.4000E+00;~H+ -> ~X,pi+;9.3487E-11;1
6.4000E+00;total;2.5316E-08;-1
6.4500E+00;~H+ -> u,D,~X;4.7916E-09;0
6.4500E+00;~H+ -> c,S,~X;4.5990E-09;0
6.4500E+00;~H+ -> u,D,~H3;4.4323E-09;0
6.4500E+00;~H+ -> c,S,~H3;4.2487E-09;0
6.4500E+00;~H+ -> ne,E,~X;1.5972E-09;0
6.4500E+00;~H+ -> nm,M,~X;1.5951E-09;0
6.4500E+00;~H+ -> ne,E,~H3;1.4775E-09;0
6.4500E+00;~H+ -> nm,M,~H3;1.4754E-09;0
6.4500E+00;~H+ -> nl,L,~X;1.1109E-09;0
6.4500E+00;~H+ -> nl,L,~H3;1.0159E-09;0
6.4500E+00;~H+ -> ~X,pi+;9.5682E-11;1
6.4500E+00;total;2.6344E-08;-1
6.5000E+00;~H+ -> u,D,~X;4.9798E-09;0
6.5000E+00;~H+ -> c,S,~X;4.7827E-09;0
6.5000E+00;~H+ -> u,D,~H3;4.6092E-09;0
6.5000E+00;~H+ -> c,S,~H3;4.4211E-09;0
6.5000E+00;~H+ -> ne,E,~X;1.6600E-09;0
6.5000E+00;~H+ -> nm,M,~X;1.6578E-09;0
6.5000E+00;~H+ -> ne,E,~H3;1.5364E-09;0
6.5000E+00;~H+ -> nm,M,~H3;1.5343E-09;0
6.5000E+00;~H+ -> nl,L,~X;1.1609E-09;0
6.5000E+00;~H+ -> nl,L,~H3;1.0626E-09;0
6.5000E+00;~H+ -> ~X,pi+;9.7910E-11;1
6.5000E+00;total;2.7405E-08;-1
6.5500E+00;~H+ -> u,D,~X;5.1738E-09;0
6.5500E+00;~H+ -> c,S,~X;4.9721E-09;0
6.5500E+00;~H+ -> u,D,~H3;4.7916E-09;0
6.5500E+00;~H+ -> c,S,~H3;4.5991E-09;0
6.5500E+00;~H+ -> ne,E,~X;1.7246E-09;0
6.5500E+00;~H+ -> nm,M,~X;1.7224E-09;0
6.5500E+00;~H+ -> ne,E,~H3;1.5972E-09;0
6.5500E+00;~H+ -> nm,M,~H3;1.5951E-09;0
6.5500E+00;~H+ -> nl,L,~X;1.2127E-09;0
6.5500E+00;~H+ -> nl,L,~H3;1.1109E-09;0
6.5500E+00;~H+ -> ~X,pi+;1.0017E-10;1
6.5500E+00;total;2.8499E-08;-1
6.6000E+00;~H+ -> u,D,~X;5.3738E-09;0
6.6000E+00;~H+ -> c,S,~X;5.1674E-09;0
6.6000E+00;~H+ -> u,D,~H3;4.9798E-09;0
6.6000E+00;~H+ -> c,S,~H3;4.7827E-09;0
6.6000E+00;~H+ -> ne,E,~X;1.7913E-09;0
6.6000E+00;~H+ -> nm,M,~X;1.7890E-09;0
6.6000E+00;~H+ -> ne,E,~H3;1.6600E-09;0
6.6000E+00;~H+ -> nm,M,~H3;1.6578E-09;0
6.6000E+00;~H+ -> nl,L,~X;1.2662E-09;0
6.6000E+00;~H+ -> nl,L,~H3;1.1609E-09;0
6.6000E+00;~H+ -> ~X,pi+;1.0247E-10;1
6.6000E+00;total;2.9629E-08;-1
6.6500E+00;~H+ -> u,D,~X;5.5800E-09;0
6.6500E+00;~H+ -> c,S,~X;5.3688E-09;0
6.6500E+00;~H+ -> u,D,~H3;5.1738E-09;0
6.6500E+00;~H+ -> c,S,~H3;4.9721E-09;0
6.6500E+00;~H+ -> ne,E,~X;1.8600E-09;0
6.6500E+00;~H+ -> nm,M,~X;1.8577E-09;0
6.6500E+00;~H+ -> ne,E,~H3;1.7246E-09;0
6.6500E+00;~H+ -> nm,M,~H3;1.7224E-09;0
6.6500E+00;~H+ -> nl,L,~X;1.3216E-09;0
6.6500E+00;~H+ -> nl,L,~H3;1.2127E-09;0
6.6500E+00;~H+ -> ~X,pi+;1.0480E-10;1
6.6500E+00;total;3.0794E-08;-1
6.7000E+00;~H+ -> u,D,~X;5.7925E-09;0
6.7000E+00;~H+ -> c,S,~X;5.5763E-09;0
6.7000E+00;~H+ -> u,D,~H3;5.3739E-09;0
6.7000E+00;~H+ -> c,S,~H3;5.1674E-09;0
6.7000E+00;~H+ -> ne,E,~X;1.9309E-09;0
6.7000E+00;~H+ -> nm,M,~X;1.9285E-09;0
6.7000E+00;~H+ -> ne,E,~H3;1.7913E-09;0
6.7000E+00;~H+ -> nm,M,~H3;1.7890E-09;0
6.7000E+00;~H+ -> nl,L,~X;1.3788E-09;0
6.7000E+00;~H+ -> nl,L,~H3;1.2662E-09;0
6.7000E+00;~H+ -> ~X,pi+;1.0717E-10;1
6.7000E+00;total;3.1995E-08;-1
6.7500E+00;~H+ -> u,D,~X;6.0113E-09;0
6.7500E+00;~H+ -> c,S,~X;5.7903E-09;0
6.7500E+00;~H+ -> u,D,~H3;5.5800E-09;0
6.7500E+00;~H+ -> c,S,~H3;5.3688E-09;0
6.7500E+00;~H+ -> ne,E,~X;2.0038E-09;0
6.7500E+00;~H+ -> nm,M,~X;2.0014E-09;0
6.7500E+00;~H+ -> ne,E,~H3;1.8600E-09;0
6.7500E+00;~H+ -> nm,M,~H3;1.8577E-09;0
6.7500E+00;~H+ -> nl,L,~X;1.4380E-09;0
6.7500E+00;~H+ -> nl,L,~H3;1.3216E-09;0
6.7500E+00;~H+ -> ~X,pi+;1.0957E-10;1
6.7500E+00;total;3.3233E-08;-1
6.8000E+00;~H+ -> u,D,~X;6.2367E-09;0
6.8000E+00;~H+ -> c,S,~X;6.0107E-09;0
6.8000E+00;~H+ -> u,D,~H3;5.7925E-09;0
6.8000E+00;~H+ -> c,S,~H3;5.5764E-09;0
6.8000E+00;~H+ -> ne,E,~X;2.0790E-09;0
6.8000E+00;~H+ -> nm,M,~X;2.0764E-09;0
6.8000E+00;~H+ -> ne,E,~H3;1.9309E-09;0
6.8000E+00;~H+ -> nm,M,~H3;1.9285E-09;0
6.8000E+00;~H+ -> nl,L,~X;1.4991E-09;0
6.8000E+00;~H+ -> nl,L,~H3;1.3788E-09;0
6.8000E+00;~H+ -> ~X,pi+;1.1201E-10;1
6.8000E+00;total;3.4509E-08;-1
6.8500E+00;~H+ -> u,D,~X;6.4689E-09;0
6.8500E+00;~H+ -> c,S,~X;6.2377E-09;0
6.8500E+00;~H+ -> u,D,~H3;6.0113E-09;0
6.8500E+00;~H+ -> c,S,~H3;5.7903E-09;0
6.8500E+00;~H+ -> ne,E,~X;2.1563E-09;0
6.8500E+00;~H+ -> nm,M,~X;2.1538E-09;0
6.8500E+00;~H+ -> ne,E,~H3;2.0038E-09;0
6.8500E+00;~H+ -> nm,M,~H3;2.0014E-09;0
6.8500E+00;~H+ -> nl,L,~X;1.5622E-09;0
6.8500E+00;~H+ -> nl,L,~H3;1.4380E-09;0
6.8500E+00;~H+ -> ~X,pi+;1.1448E-10;1
6.8500E+00;total;3.5824E-08;-1
6.9000E+00;~H+ -> u,D,~X;6.7079E-09;0
6.9000E+00;~H+ -> c,S,~X;6.4716E-09;0
6.9000E+00;~H+ -> u,D,~H3;6.2368E-09;0
6.9000E+00;~H+ -> c,S,~H3;6.0107E-09;0
6.9000E+00;~H+ -> ne,E,~X;2.2360E-09;0
6.9000E+00;~H+ -> nm,M,~X;2.2334E-09;0
6.9000E+00;~H+ -> ne,E,~H3;2.0790E-09;0
6.9000E+00;~H+ -> nm,M,~H3;2.0765E-09;0
6.9000E+00;~H+ -> nl,L,~X;1.6274E-09;0
6.9000E+00;~H+ -> nl,L,~H3;1.4991E-09;0
6.9000E+00;~H+ -> ~X,pi+;1.1699E-10;1
6.9000E+00;total;3.7178E-08;-1
6.9500E+00;~H+ -> u,D,~X;6.9539E-09;0
6.9500E+00;~H+ -> c,S,~X;6.7123E-09;0
6.9500E+00;~H+ -> u,D,~H3;6.4689E-09;0
6.9500E+00;~H+ -> c,S,~H3;6.2378E-09;0
6.9500E+00;~H+ -> ne,E,~X;2.3180E-09;0
6.9500E+00;~H+ -> nm,M,~X;2.3153E-09;0
6.9500E+00;~H+ -> ne,E,~H3;2.1563E-09;0
6.9500E+00;~H+ -> nm,M,~H3;2.1538E-09;0
6.9500E+00;~H+ -> nl,L,~X;1.6947E-09;0
6.9500E+00;~H+ -> nl,L,~H3;1.5622E-09;0
6.9500E+00;~H+ -> ~X,pi+;1.1953E-10;1
6.9500E+00;total;3.8573E-08;-1
7.0000E+00;~H+ -> u,D,~X;7.2070E-09;0
7.0000E+00;~H+ -> c,S,~X;6.9602E-09;0
7.0000E+00;~H+ -> u,D,~H3;6.7079E-09;0
7.0000E+00;~H+ -> c,S,~H3;6.4716E-09;0
7.0000E+00;~H+ -> ne,E,~X;2.4024E-09;0
7.0000E+00;~H+ -> nm,M,~X;2.3996E-09;0
7.0000E+00;~H+ -> ne,E,~H3;2.2360E-09;0
7.0000E+00;~H+ -> nm,M,~H3;2.2334E-09;0
7.0000E+00;~H+ -> nl,L,~X;1.7642E-09;0
7.0000E+00;~H+ -> nl,L,~H3;1.6274E-09;0
7.0000E+00;~H+ -> ~X,pi+;1.2211E-10;1
7.0000E+00;total;4.0010E-08;-1
7.0500E+00;~H+ -> u,D,~X;7.4675E-09;0
7.0500E+00;~H+ -> c,S,~X;7.2153E-09;0
7.0500E+00;~H+ -> u,D,~H3;6.9539E-09;0
7.0500E+00;~H+ -> c,S,~H3;6.7124E-09;0
7.0500E+00;~H+ -> ne,E,~X;2.4892E-09;0
7.0500E+00;~H+ -> nm,M,~X;2.4864E-09;0
7.0500E+00;~H+ -> ne,E,~H3;2.3180E-09;0
7.0500E+00;~H+ -> nm,M,~H3;2.3153E-09;0
7.0500E+00;~H+ -> nl,L,~X;1.8358E-09;0
7.0500E+00;~H+ -> nl,L,~H3;1.6947E-09;0
7.0500E+00;~H+ -> ~X,pi+;1.2473E-10;1
7.0500E+00;total;4.1488E-08;-1
7.1000E+00;~H+ -> u,D,~X;7.7354E-09;0
7.1000E+00;~H+ -> c,S,~X;7.4777E-09;0
7.1000E+00;~H+ -> u,D,~H3;7.2070E-09;0
7.1000E+00;~H+ -> c,S,~H3;6.9602E-09;0
7.1000E+00;~H+ -> ne,E,~X;2.5785E-09;0
7.1000E+00;~H+ -> nm,M,~X;2.5757E-09;0
7.1000E+00;~H+ -> ne,E,~H3;2.4024E-09;0
7.1000E+00;~H+ -> nm,M,~H3;2.3996E-09;0
7.1000E+00;~H+ -> nl,L,~X;1.9098E-09;0
7.1000E+00;~H+ -> nl,L,~H3;1.7642E-09;0
7.1000E+00;~H+ -> ~X,pi+;1.2738E-10;1
7.1000E+00;total;4.3011E-08;-1
7.1500E+00;~H+ -> u,D,~X;8.0110E-09;0
7.1500E+00;~H+ -> c,S,~X;7.7478E-09;0
7.1500E+00;~H+ -> u,D,~H3;7.4675E-09;0
7.1500E+00;~H+ -> c,S,~H3;7.2153E-09;0
7.1500E+00;~H+ -> ne,E,~X;2.6704E-09;0
7.1500E+00;~H+ -> nm,M,~X;2.6675E-09;0
7.1500E+00;~H+ -> ne,E,~H3;2.4892E-09;0
7.1500E+00;~H+ -> nm,M,~H3;2.4864E-09;0
7.1500E+00;~H+ -> nl,L,~X;1.9860E-09;0
7.1500E+00;~H+ -> nl,L,~H3;1.8359E-09;0
7.1500E+00;~H+ -> ~X,pi+;1.3008E-10;1
7.1500E+00;total;4.4577E-08;-1
7.2000E+00;~H+ -> u,D,~X;8.2943E-09;0
7.2000E+00;~H+ -> c,S,~X;8.0255E-09;0
7.2000E+00;~H+ -> u,D,~H3;7.7354E-09;0
7.2000E+00;~H+ -> c,S,~H3;7.4778E-09;0
7.2000E+00;~H+ -> ne,E,~X;2.7648E-09;0
7.2000E+00;~H+ -> nm,M,~X;2.7618E-09;0
7.2000E+00;~H+ -> ne,E,~H3;2.5785E-09;0
7.2000E+00;~H+ -> nm,M,~H3;2.5757E-09;0
7.2000E+00;~H+ -> nl,L,~X;2.0646E-09;0
7.2000E+00;~H+ -> nl,L,~H3;1.9098E-09;0
7.2000E+00;~H+ -> ~X,pi+;1.3280E-10;1
7.2000E+00;total;4.6188E-08;-1
7.2500E+00;~H+ -> u,D,~X;8.5857E-09;0
7.2500E+00;~H+ -> c,S,~X;8.3111E-09;0
7.2500E+00;~H+ -> u,D,~H3;8.0110E-09;0
7.2500E+00;~H+ -> c,S,~H3;7.7478E-09;0
7.2500E+00;~H+ -> ne,E,~X;2.8619E-09;0
7.2500E+00;~H+ -> nm,M,~X;2.8589E-09;0
7.2500E+00;~H+ -> ne,E,~H3;2.6704E-09;0
7.2500E+00;~H+ -> nm,M,~H3;2.6675E-09;0
7.2500E+00;~H+ -> nl,L,~X;2.1456E-09;0
7.2500E+00;~H+ -> nl,L,~H3;1.9860E-09;0
7.2500E+00;~H+ -> ~X,pi+;1.3557E-10;1
7.2500E+00;total;4.7846E-08;-1
7.3000E+00;~H+ -> u,D,~X;8.8851E-09;0
7.3000E+00;~H+ -> c,S,~X;8.6048E-09;0
7.3000E+00;~H+ -> u,D,~H3;8.2944E-09;0
7.3000E+00;~H+ -> c,S,~H3;8.0256E-09;0
7.3000E+00;~H+ -> ne,E,~X;2.9617E-09;0
7.3000E+00;~H+ -> nm,M,~X;2.9586E-09;0
7.3000E+00;~H+ -> ne,E,~H3;2.7648E-09;0
7.3000E+00;~H+ -> nm,M,~H3;2.7619E-09;0
7.3000E+00;~H+ -> nl,L,~X;2.2291E-09;0
7.3000E+00;~H+ -> nl,L,~H3;2.0646E-09;0
7.3000E+00;~H+ -> ~X,pi+;1.3837E-10;1
7.3000E+00;total;4.9551E-08;-1
7.3500E+00;~H+ -> u,D,~X;9.1928E-09;0
7.3500E+00;~H+ -> c,S,~X;8.9067E-09;0
7.3500E+00;~H+ -> u,D,~H3;8.5857E-09;0
7.3500E+00;~H+ -> c,S,~H3;8.3112E-09;0
7.3500E+00;~H+ -> ne,E,~X;3.0643E-09;0
7.3500E+00;~H+ -> nm,M,~X;3.0612E-09;0
7.3500E+00;~H+ -> ne,E,~H3;2.8619E-09;0
7.3500E+00;~H+ -> nm,M,~H3;2.8589E-09;0
7.3500E+00;~H+ -> nl,L,~X;2.3151E-09;0
7.3500E+00;~H+ -> nl,L,~H3;2.1456E-09;0
7.3500E+00;~H+ -> ~X,pi+;1.4122E-10;1
7.3500E+00;total;5.1303E-08;-1
7.4000E+00;~H+ -> u,D,~X;9.5090E-09;0
7.4000E+00;~H+ -> c,S,~X;9.2169E-09;0
7.4000E+00;~H+ -> u,D,~H3;8.8851E-09;0
7.4000E+00;~H+ -> c,S,~H3;8.6049E-09;0
7.4000E+00;~H+ -> ne,E,~X;3.1697E-09;0
7.4000E+00;~H+ -> nm,M,~X;3.1665E-09;0
7.4000E+00;~H+ -> ne,E,~H3;2.9618E-09;0
7.4000E+00;~H+ -> nm,M,~H3;2.9587E-09;0
7.4000E+00;~H+ -> nl,L,~X;2.4037E-09;0
7.4000E+00;~H+ -> nl,L,~H3;2.2291E-09;0
7.4000E+00;~H+ -> ~X,pi+;1.4410E-10;1
7.4000E+00;total;5.3105E-08;-1
7.4500E+00;~H+ -> u,D,~X;9.8338E-09;0
7.4500E+00;~H+ -> c,S,~X;9.5358E-09;0
7.4500E+00;~H+ -> u,D,~H3;9.1929E-09;0
7.4500E+00;~H+ -> c,S,~H3;8.9067E-09;0
7.4500E+00;~H+ -> ne,E,~X;3.2780E-09;0
7.4500E+00;~H+ -> nm,M,~X;3.2747E-09;0
7.4500E+00;~H+ -> ne,E,~H3;3.0643E-09;0
7.4500E+00;~H+ -> nm,M,~H3;3.0612E-09;0
7.4500E+00;~H+ -> nl,L,~X;2.4949E-09;0
7.4500E+00;~H+ -> nl,L,~H3;2.3151E-09;0
7.4500E+00;~H+ -> ~X,pi+;1.4702E-10;1
7.4500E+00;total;5.4957E-08;-1
7.5000E+00;~H+ -> u,D,~X;1.0167E-08;0
7.5000E+00;~H+ -> c,S,~X;9.8633E-09;0
7.5000E+00;~H+ -> u,D,~H3;9.5091E-09;0
7.5000E+00;~H+ -> c,S,~H3;9.2170E-09;0
7.5000E+00;~H+ -> ne,E,~X;3.3892E-09;0
7.5000E+00;~H+ -> nm,M,~X;3.3858E-09;0
7.5000E+00;~H+ -> ne,E,~H3;3.1697E-09;0
7.5000E+00;~H+ -> nm,M,~H3;3.1665E-09;0
7.5000E+00;~H+ -> nl,L,~X;2.5888E-09;0
7.5000E+00;~H+ -> nl,L,~H3;2.4037E-09;0
7.5000E+00;~H+ -> ~X,pi+;1.4998E-10;1
7.5000E+00;total;5.6861E-08;-1
7.5500E+00;~H+ -> u,D,~X;1.0510E-08;0
7.5500E+00;~H+ -> c,S,~X;1.0200E-08;0
7.5500E+00;~H+ -> u,D,~H3;9.8339E-09;0
7.5500E+00;~H+ -> c,S,~H3;9.5358E-09;0
7.5500E+00;~H+ -> ne,E,~X;3.5034E-09;0
7.5500E+00;~H+ -> nm,M,~X;3.5000E-09;0
7.5500E+00;~H+ -> ne,E,~H3;3.2780E-09;0
7.5500E+00;~H+ -> nm,M,~H3;3.2747E-09;0
7.5500E+00;~H+ -> nl,L,~X;2.6854E-09;0
7.5500E+00;~H+ -> nl,L,~H3;2.4949E-09;0
7.5500E+00;~H+ -> ~X,pi+;1.5297E-10;1
7.5500E+00;total;5.8816E-08;-1
7.6000E+00;~H+ -> u,D,~X;1.0862E-08;0
7.6000E+00;~H+ -> c,S,~X;1.0545E-08;0
7.6000E+00;~H+ -> u,D,~H3;1.0168E-08;0
7.6000E+00;~H+ -> c,S,~H3;9.8633E-09;0
7.6000E+00;~H+ -> ne,E,~X;3.6207E-09;0
7.6000E+00;~H+ -> nm,M,~X;3.6172E-09;0
7.6000E+00;~H+ -> ne,E,~H3;3.3892E-09;0
7.6000E+00;~H+ -> nm,M,~H3;3.3859E-09;0
7.6000E+00;~H+ -> nl,L,~X;2.7849E-09;0
7.6000E+00;~H+ -> nl,L,~H3;2.5888E-09;0
7.6000E+00;~H+ -> ~X,pi+;1.5601E-10;1
7.6000E+00;total;6.0825E-08;-1
7.6500E+00;~H+ -> u,D,~X;1.1223E-08;0
7.6500E+00;~H+ -> c,S,~X;1.0900E-08;0
7.6500E+00;~H+ -> u,D,~H3;1.0510E-08;0
7.6500E+00;~H+ -> c,S,~H3;1.0200E-08;0
7.6500E+00;~H+ -> ne,E,~X;3.7411E-09;0
7.6500E+00;~H+ -> nm,M,~X;3.7375E-09;0
7.6500E+00;~H+ -> ne,E,~H3;3.5034E-09;0
7.6500E+00;~H+ -> nm,M,~H3;3.5000E-09;0
7.6500E+00;~H+ -> nl,L,~X;2.8872E-09;0
7.6500E+00;~H+ -> nl,L,~H3;2.6854E-09;0
7.6500E+00;~H+ -> ~X,pi+;1.5909E-10;1
7.6500E+00;total;6.2888E-08;-1
7.7000E+00;~H+ -> u,D,~X;1.1594E-08;0
7.7000E+00;~H+ -> c,S,~X;1.1264E-08;0
7.7000E+00;~H+ -> u,D,~H3;1.0862E-08;0
7.7000E+00;~H+ -> c,S,~H3;1.0545E-08;0
7.7000E+00;~H+ -> ne,E,~X;3.8646E-09;0
7.7000E+00;~H+ -> nm,M,~X;3.8610E-09;0
7.7000E+00;~H+ -> ne,E,~H3;3.6207E-09;0
7.7000E+00;~H+ -> nm,M,~H3;3.6172E-09;0
7.7000E+00;~H+ -> nl,L,~X;2.9924E-09;0
7.7000E+00;~H+ -> nl,L,~H3;2.7849E-09;0
7.7000E+00;~H+ -> ~X,pi+;1.6220E-10;1
7.7000E+00;total;6.5006E-08;-1
7.7500E+00;~H+ -> u,D,~X;1.1974E-08;0
7.7500E+00;~H+ -> c,S,~X;1.1638E-08;0
7.7500E+00;~H+ -> u,D,~H3;1.1223E-08;0
7.7500E+00;~H+ -> c,S,~H3;1.0900E-08;0
7.7500E+00;~H+ -> ne,E,~X;3.9914E-09;0
7.7500E+00;~H+ -> nm,M,~X;3.9877E-09;0
7.7500E+00;~H+ -> ne,E,~H3;3.7411E-09;0
7.7500E+00;~H+ -> nm,M,~H3;3.7375E-09;0
7.7500E+00;~H+ -> nl,L,~X;3.1007E-09;0
7.7500E+00;~H+ -> nl,L,~H3;2.8872E-09;0
7.7500E+00;~H+ -> ~X,pi+;1.6536E-10;1
7.7500E+00;total;6.7181E-08;-1
7.8000E+00;~H+ -> u,D,~X;1.2364E-08;0
7.8000E+00;~H+ -> c,S,~X;1.2022E-08;0
7.8000E+00;~H+ -> u,D,~H3;1.1594E-08;0
7.8000E+00;~H+ -> c,S,~H3;1.1264E-08;0
7.8000E+00;~H+ -> ne,E,~X;4.1215E-09;0
7.8000E+00;~H+ -> nm,M,~X;4.1178E-09;0
7.8000E+00;~H+ -> ne,E,~H3;3.8646E-09;0
7.8000E+00;~H+ -> nm,M,~H3;3.8610E-09;0
7.8000E+00;~H+ -> nl,L,~X;3.2119E-09;0
7.8000E+00;~H+ -> nl,L,~H3;2.9924E-09;0
7.8000E+00;~H+ -> ~X,pi+;1.6856E-10;1
7.8000E+00;total;6.9414E-08;-1
7.8500E+00;~H+ -> u,D,~X;1.2765E-08;0
7.8500E+00;~H+ -> c,S,~X;1.2416E-08;0
7.8500E+00;~H+ -> u,D,~H3;1.1974E-08;0
7.8500E+00;~H+ -> c,S,~H3;1.1638E-08;0
7.8500E+00;~H+ -> ne,E,~X;4.2550E-09;0
7.8500E+00;~H+ -> nm,M,~X;4.2512E-09;0
7.8500E+00;~H+ -> ne,E,~H3;3.9915E-09;0
7.8500E+00;~H+ -> nm,M,~H3;3.9877E-09;0
7.8500E+00;~H+ -> nl,L,~X;3.3263E-09;0
7.8500E+00;~H+ -> nl,L,~H3;3.1007E-09;0
7.8500E+00;~H+ -> ~X,pi+;1.7179E-10;1
7.8500E+00;total;7.1705E-08;-1
7.9000E+00;~H+ -> u,D,~X;1.3176E-08;0
7.9000E+00;~H+ -> c,S,~X;1.2820E-08;0
7.9000E+00;~H+ -> u,D,~H3;1.2365E-08;0
7.9000E+00;~H+ -> c,S,~H3;1.2022E-08;0
7.9000E+00;~H+ -> ne,E,~X;4.3919E-09;0
7.9000E+00;~H+ -> nm,M,~X;4.3880E-09;0
7.9000E+00;~H+ -> ne,E,~H3;4.1216E-09;0
7.9000E+00;~H+ -> nm,M,~H3;4.1178E-09;0
7.9000E+00;~H+ -> nl,L,~X;3.4439E-09;0
7.9000E+00;~H+ -> nl,L,~H3;3.2120E-09;0
7.9000E+00;~H+ -> ~X,pi+;1.7507E-10;1
7.9000E+00;total;7.4057E-08;-1
7.9500E+00;~H+ -> u,D,~X;1.3597E-08;0
7.9500E+00;~H+ -> c,S,~X;1.3234E-08;0
7.9500E+00;~H+ -> u,D,~H3;1.2765E-08;0
7.9500E+00;~H+ -> c,S,~H3;1.2416E-08;0
7.9500E+00;~H+ -> ne,E,~X;4.5323E-09;0
7.9500E+00;~H+ -> nm,M,~X;4.5283E-09;0
7.9500E+00;~H+ -> ne,E,~H3;4.2550E-09;0
7.9500E+00;~H+ -> nm,M,~H3;4.2512E-09;0
7.9500E+00;~H+ -> nl,L,~X;3.5647E-09;0
7.9500E+00;~H+ -> nl,L,~H3;3.3264E-09;0
7.9500E+00;~H+ -> ~X,pi+;1.7839E-10;1
7.9500E+00;total;7.6470E-08;-1
8.0000E+00;~H+ -> u,D,~X;1.4029E-08;0
8.0000E+00;~H+ -> c,S,~X;1.3659E-08;0
8.0000E+00;~H+ -> u,D,~H3;1.3176E-08;0
8.0000E+00;~H+ -> c,S,~H3;1.2820E-08;0
8.0000E+00;~H+ -> ne,E,~X;4.6763E-09;0
8.0000E+00;~H+ -> nm,M,~X;4.6722E-09;0
8.0000E+00;~H+ -> ne,E,~H3;4.3919E-09;0
8.0000E+00;~H+ -> nm,M,~H3;4.3880E-09;0
8.0000E+00;~H+ -> nl,L,~X;3.6888E-09;0
8.0000E+00;~H+ -> nl,L,~H3;3.4439E-09;0
8.0000E+00;~H+ -> ~X,pi+;1.8175E-10;1
8.0000E+00;total;7.8944E-08;-1
8.0500E+00;~H+ -> u,D,~X;1.4472E-08;0
8.0500E+00;~H+ -> c,S,~X;1.4095E-08;0
8.0500E+00;~H+ -> u,D,~H3;1.3597E-08;0
8.0500E+00;~H+ -> c,S,~H3;1.3234E-08;0
8.0500E+00;~H+ -> ne,E,~X;4.8239E-09;0
8.0500E+00;~H+ -> nm,M,~X;4.8198E-09;0
8.0500E+00;~H+ -> ne,E,~H3;4.5324E-09;0
8.0500E+00;~H+ -> nm,M,~H3;4.5284E-09;0
8.0500E+00;~H+ -> nl,L,~X;3.8163E-09;0
8.0500E+00;~H+ -> nl,L,~H3;3.5647E-09;0
8.0500E+00;~H+ -> ~X,pi+;1.8515E-10;1
8.0500E+00;total;8.1483E-08;-1
8.1000E+00;~H+ -> u,D,~X;1.4926E-08;0
8.1000E+00;~H+ -> c,S,~X;1.4542E-08;0
8.1000E+00;~H+ -> u,D,~H3;1.4029E-08;0
8.1000E+00;~H+ -> c,S,~H3;1.3659E-08;0
8.1000E+00;~H+ -> ne,E,~X;4.9752E-09;0
8.1000E+00;~H+ -> nm,M,~X;4.9710E-09;0
8.1000E+00;~H+ -> ne,E,~H3;4.6763E-09;0
8.1000E+00;~H+ -> nm,M,~H3;4.6723E-09;0
8.1000E+00;~H+ -> nl,L,~X;3.9472E-09;0
8.1000E+00;~H+ -> nl,L,~H3;3.6888E-09;0
8.1000E+00;~H+ -> ~X,pi+;1.8860E-10;1
8.1000E+00;total;8.4086E-08;-1
8.1500E+00;~H+ -> u,D,~X;1.5391E-08;0
8.1500E+00;~H+ -> c,S,~X;1.5000E-08;0
8.1500E+00;~H+ -> u,D,~H3;1.4472E-08;0
8.1500E+00;~H+ -> c,S,~H3;1.4095E-08;0
8.1500E+00;~H+ -> ne,E,~X;5.1303E-09;0
8.1500E+00;~H+ -> nm,M,~X;5.1260E-09;0
8.1500E+00;~H+ -> ne,E,~H3;4.8239E-09;0
8.1500E+00;~H+ -> nm,M,~H3;4.8198E-09;0
8.1500E+00;~H+ -> nl,L,~X;4.0816E-09;0
8.1500E+00;~H+ -> nl,L,~H3;3.8163E-09;0
8.1500E+00;~H+ -> ~X,pi+;1.9209E-10;1
8.1500E+00;total;8.6755E-08;-1
8.2000E+00;~H+ -> u,D,~X;1.5868E-08;0
8.2000E+00;~H+ -> c,S,~X;1.5469E-08;0
8.2000E+00;~H+ -> u,D,~H3;1.4926E-08;0
8.2000E+00;~H+ -> c,S,~H3;1.4542E-08;0
8.2000E+00;~H+ -> ne,E,~X;5.2892E-09;0
8.2000E+00;~H+ -> nm,M,~X;5.2848E-09;0
8.2000E+00;~H+ -> ne,E,~H3;4.9753E-09;0
8.2000E+00;~H+ -> nm,M,~H3;4.9710E-09;0
8.2000E+00;~H+ -> nl,L,~X;4.2196E-09;0
8.2000E+00;~H+ -> nl,L,~H3;3.9472E-09;0
8.2000E+00;~H+ -> ~X,pi+;1.9561E-10;1
8.2000E+00;total;8.9491E-08;-1
8.2500E+00;~H+ -> u,D,~X;1.6356E-08;0
8.2500E+00;~H+ -> c,S,~X;1.5950E-08;0
8.2500E+00;~H+ -> u,D,~H3;1.5391E-08;0
8.2500E+00;~H+ -> c,S,~H3;1.5000E-08;0
8.2500E+00;~H+ -> ne,E,~X;5.4521E-09;0
8.2500E+00;~H+ -> nm,M,~X;5.4476E-09;0
8.2500E+00;~H+ -> ne,E,~H3;5.1303E-09;0
8.2500E+00;~H+ -> nm,M,~H3;5.1260E-09;0
8.2500E+00;~H+ -> nl,L,~X;4.3612E-09;0
8.2500E+00;~H+ -> nl,L,~H3;4.0816E-09;0
8.2500E+00;~H+ -> ~X,pi+;1.9919E-10;1
8.2500E+00;total;9.2296E-08;-1
8.3000E+00;~H+ -> u,D,~X;1.6856E-08;0
8.3000E+00;~H+ -> c,S,~X;1.6443E-08;0
8.3000E+00;~H+ -> u,D,~H3;1.5868E-08;0
8.3000E+00;~H+ -> c,S,~H3;1.5469E-08;0
8.3000E+00;~H+ -> ne,E,~X;5.6189E-09;0
8.3000E+00;~H+ -> nm,M,~X;5.6143E-09;0
8.3000E+00;~H+ -> ne,E,~H3;5.2893E-09;0
8.3000E+00;~H+ -> nm,M,~H3;5.2849E-09;0
8.3000E+00;~H+ -> nl,L,~X;4.5066E-09;0
8.3000E+00;~H+ -> nl,L,~H3;4.2196E-09;0
8.3000E+00;~H+ -> ~X,pi+;2.0280E-10;1
8.3000E+00;total;9.5170E-08;-1
8.3500E+00;~H+ -> u,D,~X;1.7369E-08;0
8.3500E+00;~H+ -> c,S,~X;1.6948E-08;0
8.3500E+00;~H+ -> u,D,~H3;1.6356E-08;0
8.3500E+00;~H+ -> c,S,~H3;1.5950E-08;0
8.3500E+00;~H+ -> ne,E,~X;5.7898E-09;0
8.3500E+00;~H+ -> nm,M,~X;5.7851E-09;0
8.3500E+00;~H+ -> ne,E,~H3;5.4521E-09;0
8.3500E+00;~H+ -> nm,M,~H3;5.4476E-09;0
8.3500E+00;~H+ -> nl,L,~X;4.6557E-09;0
8.3500E+00;~H+ -> nl,L,~H3;4.3613E-09;0
8.3500E+00;~H+ -> ~X,pi+;2.0646E-10;1
8.3500E+00;total;9.8116E-08;-1
8.4000E+00;~H+ -> u,D,~X;1.7894E-08;0
8.4000E+00;~H+ -> c,S,~X;1.7466E-08;0
8.4000E+00;~H+ -> u,D,~H3;1.6857E-08;0
8.4000E+00;~H+ -> c,S,~H3;1.6443E-08;0
8.4000E+00;~H+ -> ne,E,~X;5.9648E-09;0
8.4000E+00;~H+ -> nm,M,~X;5.9600E-09;0
8.4000E+00;~H+ -> ne,E,~H3;5.6189E-09;0
8.4000E+00;~H+ -> nm,M,~H3;5.6144E-09;0
8.4000E+00;~H+ -> nl,L,~X;4.8087E-09;0
8.4000E+00;~H+ -> nl,L,~H3;4.5066E-09;0
8.4000E+00;~H+ -> ~X,pi+;2.1016E-10;1
8.4000E+00;total;1.0113E-07;-1
8.4500E+00;~H+ -> u,D,~X;1.8432E-08;0
8.4500E+00;~H+ -> c,S,~X;1.7996E-08;0
8.4500E+00;~H+ -> u,D,~H3;1.7369E-08;0
8.4500E+00;~H+ -> c,S,~H3;1.6948E-08;0
8.4500E+00;~H+ -> ne,E,~X;6.1440E-09;0
8.4500E+00;~H+ -> nm,M,~X;6.1392E-09;0
8.4500E+00;~H+ -> ne,E,~H3;5.7898E-09;0
8.4500E+00;~H+ -> nm,M,~H3;5.7852E-09;0
8.4500E+00;~H+ -> nl,L,~X;4.9656E-09;0
8.4500E+00;~H+ -> nl,L,~H3;4.6557E-09;0
8.4500E+00;~H+ -> ~X,pi+;2.1390E-10;1
8.4500E+00;total;1.0422E-07;-1
8.5000E+00;~H+ -> u,D,~X;1.8982E-08;0
8.5000E+00;~H+ -> c,S,~X;1.8538E-08;0
8.5000E+00;~H+ -> u,D,~H3;1.7894E-08;0
8.5000E+00;~H+ -> c,S,~H3;1.7466E-08;0
8.5000E+00;~H+ -> ne,E,~X;6.3275E-09;0
8.5000E+00;~H+ -> nm,M,~X;6.3226E-09;0
8.5000E+00;~H+ -> ne,E,~H3;5.9648E-09;0
8.5000E+00;~H+ -> nm,M,~H3;5.9601E-09;0
8.5000E+00;~H+ -> nl,L,~X;5.1265E-09;0
8.5000E+00;~H+ -> nl,L,~H3;4.8087E-09;0
8.5000E+00;~H+ -> ~X,pi+;2.1769E-10;1
8.5000E+00;total;1.0739E-07;-1
8.5500E+00;~H+ -> u,D,~X;1.9546E-08;0
8.5500E+00;~H+ -> c,S,~X;1.9094E-08;0
8.5500E+00;~H+ -> u,D,~H3;1.8432E-08;0
8.5500E+00;~H+ -> c,S,~H3;1.7996E-08;0
8.5500E+00;~H+ -> ne,E,~X;6.5153E-09;0
8.5500E+00;~H+ -> nm,M,~X;6.5103E-09;0
8.5500E+00;~H+ -> ne,E,~H3;6.1440E-09;0
8.5500E+00;~H+ -> nm,M,~H3;6.1392E-09;0
8.5500E+00;~H+ -> nl,L,~X;5.2914E-09;0
8.5500E+00;~H+ -> nl,L,~H3;4.9656E-09;0
8.5500E+00;~H+ -> ~X,pi+;2.2152E-10;1
8.5500E+00;total;1.1063E-07;-1
8.6000E+00;~H+ -> u,D,~X;2.0123E-08;0
8.6000E+00;~H+ -> c,S,~X;1.9663E-08;0
8.6000E+00;~H+ -> u,D,~H3;1.8982E-08;0
8.6000E+00;~H+ -> c,S,~H3;1.8538E-08;0
8.6000E+00;~H+ -> ne,E,~X;6.7076E-09;0
8.6000E+00;~H+ -> nm,M,~X;6.7025E-09;0
8.6000E+00;~H+ -> ne,E,~H3;6.3275E-09;0
8.6000E+00;~H+ -> nm,M,~H3;6.3226E-09;0
8.6000E+00;~H+ -> nl,L,~X;5.4605E-09;0
8.6000E+00;~H+ -> nl,L,~H3;5.1265E-09;0
8.6000E+00;~H+ -> ~X,pi+;2.2540E-10;1
8.6000E+00;total;1.1395E-07;-1
8.6500E+00;~H+ -> u,D,~X;2.0713E-08;0
8.6500E+00;~H+ -> c,S,~X;2.0245E-08;0
8.6500E+00;~H+ -> u,D,~H3;1.9546E-08;0
8.6500E+00;~H+ -> c,S,~H3;1.9094E-08;0
8.6500E+00;~H+ -> ne,E,~X;6.9044E-09;0
8.6500E+00;~H+ -> nm,M,~X;6.8992E-09;0
8.6500E+00;~H+ -> ne,E,~H3;6.5154E-09;0
8.6500E+00;~H+ -> nm,M,~H3;6.5104E-09;0
8.6500E+00;~H+ -> nl,L,~X;5.6339E-09;0
8.6500E+00;~H+ -> nl,L,~H3;5.2915E-09;0
8.6500E+00;~H+ -> ~X,pi+;2.2932E-10;1
8.6500E+00;total;1.1735E-07;-1
8.7000E+00;~H+ -> u,D,~X;2.1317E-08;0
8.7000E+00;~H+ -> c,S,~X;2.0841E-08;0
8.7000E+00;~H+ -> u,D,~H3;2.0123E-08;0
8.7000E+00;~H+ -> c,S,~H3;1.9663E-08;0
8.7000E+00;~H+ -> ne,E,~X;7.1058E-09;0
8.7000E+00;~H+ -> nm,M,~X;7.1005E-09;0
8.7000E+00;~H+ -> ne,E,~H3;6.7076E-09;0
8.7000E+00;~H+ -> nm,M,~H3;6.7026E-09;0
8.7000E+00;~H+ -> nl,L,~X;5.8115E-09;0
8.7000E+00;~H+ -> nl,L,~H3;5.4606E-09;0
8.7000E+00;~H+ -> ~X,pi+;2.3329E-10;1
8.7000E+00;total;1.2083E-07;-1
8.7500E+00;~H+ -> u,D,~X;2.1935E-08;0
8.7500E+00;~H+ -> c,S,~X;2.1451E-08;0
8.7500E+00;~H+ -> u,D,~H3;2.0713E-08;0
8.7500E+00;~H+ -> c,S,~H3;2.0245E-08;0
8.7500E+00;~H+ -> ne,E,~X;7.3118E-09;0
8.7500E+00;~H+ -> nm,M,~X;7.3065E-09;0
8.7500E+00;~H+ -> ne,E,~H3;6.9044E-09;0
8.7500E+00;~H+ -> nm,M,~H3;6.8993E-09;0
8.7500E+00;~H+ -> nl,L,~X;5.9936E-09;0
8.7500E+00;~H+ -> nl,L,~H3;5.6339E-09;0
8.7500E+00;~H+ -> ~X,pi+;2.3730E-10;1
8.7500E+00;total;1.2439E-07;-1
8.8000E+00;~H+ -> u,D,~X;2.2568E-08;0
8.8000E+00;~H+ -> c,S,~X;2.2075E-08;0
8.8000E+00;~H+ -> u,D,~H3;2.1317E-08;0
8.8000E+00;~H+ -> c,S,~H3;2.0841E-08;0
8.8000E+00;~H+ -> ne,E,~X;7.5226E-09;0
8.8000E+00;~H+ -> nm,M,~X;7.5172E-09;0
8.8000E+00;~H+ -> ne,E,~H3;7.1058E-09;0
8.8000E+00;~H+ -> nm,M,~H3;7.1005E-09;0
8.8000E+00;~H+ -> nl,L,~X;6.1801E-09;0
8.8000E+00;~H+ -> nl,L,~H3;5.8116E-09;0
8.8000E+00;~H+ -> ~X,pi+;2.4135E-10;1
8.8000E+00;total;1.2804E-07;-1
8.8500E+00;~H+ -> u,D,~X;2.3214E-08;0
8.8500E+00;~H+ -> c,S,~X;2.2713E-08;0
8.8500E+00;~H+ -> u,D,~H3;2.1935E-08;0
8.8500E+00;~H+ -> c,S,~H3;2.1451E-08;0
8.8500E+00;~H+ -> ne,E,~X;7.7382E-09;0
8.8500E+00;~H+ -> nm,M,~X;7.7327E-09;0
8.8500E+00;~H+ -> ne,E,~H3;7.3119E-09;0
8.8500E+00;~H+ -> nm,M,~H3;7.3065E-09;0
8.8500E+00;~H+ -> nl,L,~X;6.3711E-09;0
8.8500E+00;~H+ -> nl,L,~H3;5.9936E-09;0
8.8500E+00;~H+ -> ~X,pi+;2.4545E-10;1
8.8500E+00;total;1.3177E-07;-1
8.9000E+00;~H+ -> u,D,~X;2.3876E-08;0
8.9000E+00;~H+ -> c,S,~X;2.3366E-08;0
8.9000E+00;~H+ -> u,D,~H3;2.2568E-08;0
8.9000E+00;~H+ -> c,S,~H3;2.2075E-08;0
8.9000E+00;~H+ -> ne,E,~X;7.9588E-09;0
8.9000E+00;~H+ -> nm,M,~X;7.9532E-09;0
8.9000E+00;~H+ -> ne,E,~H3;7.5227E-09;0
8.9000E+00;~H+ -> nm,M,~H3;7.5172E-09;0
8.9000E+00;~H+ -> nl,L,~X;6.5667E-09;0
8.9000E+00;~H+ -> nl,L,~H3;6.1801E-09;0
8.9000E+00;~H+ -> ~X,pi+;2.4960E-10;1
8.9000E+00;total;1.3558E-07;-1
8.9500E+00;~H+ -> u,D,~X;2.4553E-08;0
8.9500E+00;~H+ -> c,S,~X;2.4034E-08;0
8.9500E+00;~H+ -> u,D,~H3;2.3215E-08;0
8.9500E+00;~H+ -> c,S,~H3;2.2713E-08;0
8.9500E+00;~H+ -> ne,E,~X;8.1843E-09;0
8.9500E+00;~H+ -> nm,M,~X;8.1786E-09;0
8.9500E+00;~H+ -> ne,E,~H3;7.7383E-09;0
8.9500E+00;~H+ -> nm,M,~H3;7.7327E-09;0
8.9500E+00;~H+ -> nl,L,~X;6.7671E-09;0
8.9500E+00;~H+ -> nl,L,~H3;6.3711E-09;0
8.9500E+00;~H+ -> ~X,pi+;2.5380E-10;1
8.9500E+00;total;1.3949E-07;-1
9.0000E+00;~H+ -> u,D,~X;2.5245E-08;0
9.0000E+00;~H+ -> c,S,~X;2.4717E-08;0
9.0000E+00;~H+ -> u,D,~H3;2.3876E-08;0
9.0000E+00;~H+ -> c,S,~H3;2.3366E-08;0
9.0000E+00;~H+ -> ne,E,~X;8.4149E-09;0
9.0000E+00;~H+ -> nm,M,~X;8.4091E-09;0
9.0000E+00;~H+ -> ne,E,~H3;7.9588E-09;0
9.0000E+00;~H+ -> nm,M,~H3;7.9532E-09;0
9.0000E+00;~H+ -> nl,L,~X;6.9722E-09;0
9.0000E+00;~H+ -> nl,L,~H3;6.5668E-09;0
9.0000E+00;~H+ -> ~X,pi+;2.5804E-10;1
9.0000E+00;total;1.4348E-07;-1
9.0500E+00;~H+ -> u,D,~X;2.5952E-08;0
9.0500E+00;~H+ -> c,S,~X;2.5415E-08;0
9.0500E+00;~H+ -> u,D,~H3;2.4553E-08;0
9.0500E+00;~H+ -> c,S,~H3;2.4034E-08;0
9.0500E+00;~H+ -> ne,E,~X;8.6507E-09;0
9.0500E+00;~H+ -> nm,M,~X;8.6448E-09;0
9.0500E+00;~H+ -> ne,E,~H3;8.1844E-09;0
9.0500E+00;~H+ -> nm,M,~H3;8.1786E-09;0
9.0500E+00;~H+ -> nl,L,~X;7.1822E-09;0
9.0500E+00;~H+ -> nl,L,~H3;6.7671E-09;0
9.0500E+00;~H+ -> ~X,pi+;2.6232E-10;1
9.0500E+00;total;1.4756E-07;-1
9.1000E+00;~H+ -> u,D,~X;2.6675E-08;0
9.1000E+00;~H+ -> c,S,~X;2.6130E-08;0
9.1000E+00;~H+ -> u,D,~H3;2.5245E-08;0
9.1000E+00;~H+ -> c,S,~H3;2.4717E-08;0
9.1000E+00;~H+ -> ne,E,~X;8.8918E-09;0
9.1000E+00;~H+ -> nm,M,~X;8.8858E-09;0
9.1000E+00;~H+ -> ne,E,~H3;8.4150E-09;0
9.1000E+00;~H+ -> nm,M,~H3;8.4092E-09;0
9.1000E+00;~H+ -> nl,L,~X;7.3972E-09;0
9.1000E+00;~H+ -> nl,L,~H3;6.9723E-09;0
9.1000E+00;~H+ -> ~X,pi+;2.6666E-10;1
9.1000E+00;total;1.5174E-07;-1
9.1500E+00;~H+ -> u,D,~X;2.7414E-08;0
9.1500E+00;~H+ -> c,S,~X;2.6860E-08;0
9.1500E+00;~H+ -> u,D,~H3;2.5952E-08;0
9.1500E+00;~H+ -> c,S,~H3;2.5416E-08;0
9.1500E+00;~H+ -> ne,E,~X;9.1382E-09;0
9.1500E+00;~H+ -> nm,M,~X;9.1320E-09;0
9.1500E+00;~H+ -> ne,E,~H3;8.6508E-09;0
9.1500E+00;~H+ -> nm,M,~H3;8.6449E-09;0
9.1500E+00;~H+ -> nl,L,~X;7.6172E-09;0
9.1500E+00;~H+ -> nl,L,~H3;7.1823E-09;0
9.1500E+00;~H+ -> ~X,pi+;2.7104E-10;1
9.1500E+00;total;1.5601E-07;-1
9.2000E+00;~H+ -> u,D,~X;2.8170E-08;0
9.2000E+00;~H+ -> c,S,~X;2.7606E-08;0
9.2000E+00;~H+ -> u,D,~H3;2.6675E-08;0
9.2000E+00;~H+ -> c,S,~H3;2.6130E-08;0
9.2000E+00;~H+ -> ne,E,~X;9.3900E-09;0
9.2000E+00;~H+ -> nm,M,~X;9.3838E-09;0
9.2000E+00;~H+ -> ne,E,~H3;8.8918E-09;0
9.2000E+00;~H+ -> nm,M,~H3;8.8858E-09;0
9.2000E+00;~H+ -> nl,L,~X;7.8423E-09;0
9.2000E+00;~H+ -> nl,L,~H3;7.3972E-09;0
9.2000E+00;~H+ -> ~X,pi+;2.7546E-10;1
9.2000E+00;total;1.6037E-07;-1
9.2500E+00;~H+ -> u,D,~X;2.8942E-08;0
9.2500E+00;~H+ -> c,S,~X;2.8369E-08;0
9.2500E+00;~H+ -> u,D,~H3;2.7414E-08;0
9.2500E+00;~H+ -> c,S,~H3;2.6860E-08;0
9.2500E+00;~H+ -> ne,E,~X;9.6473E-09;0
9.2500E+00;~H+ -> nm,M,~X;9.6410E-09;0
9.2500E+00;~H+ -> ne,E,~H3;9.1382E-09;0
9.2500E+00;~H+ -> nm,M,~H3;9.1321E-09;0
9.2500E+00;~H+ -> nl,L,~X;8.0727E-09;0
9.2500E+00;~H+ -> nl,L,~H3;7.6172E-09;0
9.2500E+00;~H+ -> ~X,pi+;2.7994E-10;1
9.2500E+00;total;1.6483E-07;-1
9.3000E+00;~H+ -> u,D,~X;2.9731E-08;0
9.3000E+00;~H+ -> c,S,~X;2.9148E-08;0
9.3000E+00;~H+ -> u,D,~H3;2.8170E-08;0
9.3000E+00;~H+ -> c,S,~H3;2.7606E-08;0
9.3000E+00;~H+ -> ne,E,~X;9.9103E-09;0
9.3000E+00;~H+ -> nm,M,~X;9.9038E-09;0
9.3000E+00;~H+ -> ne,E,~H3;9.3900E-09;0
9.3000E+00;~H+ -> nm,M,~H3;9.3838E-09;0
9.3000E+00;~H+ -> nl,L,~X;8.3083E-09;0
9.3000E+00;~H+ -> nl,L,~H3;7.8424E-09;0
9.3000E+00;~H+ -> ~X,pi+;2.8446E-10;1
9.3000E+00;total;1.6939E-07;-1
9.3500E+00;~H+ -> u,D,~X;3.0536E-08;0
9.3500E+00;~H+ -> c,S,~X;2.9945E-08;0
9.3500E+00;~H+ -> u,D,~H3;2.8942E-08;0
9.3500E+00;~H+ -> c,S,~H3;2.8369E-08;0
9.3500E+00;~H+ -> ne,E,~X;1.0179E-08;0
9.3500E+00;~H+ -> nm,M,~X;1.0172E-08;0
9.3500E+00;~H+ -> ne,E,~H3;9.6474E-09;0
9.3500E+00;~H+ -> nm,M,~H3;9.6410E-09;0
9.3500E+00;~H+ -> nl,L,~X;8.5493E-09;0
9.3500E+00;~H+ -> nl,L,~H3;8.0727E-09;0
9.3500E+00;~H+ -> ~X,pi+;2.8903E-10;1
9.3500E+00;total;1.7405E-07;-1
9.4000E+00;~H+ -> u,D,~X;3.1360E-08;0
9.4000E+00;~H+ -> c,S,~X;3.0758E-08;0
9.4000E+00;~H+ -> u,D,~H3;2.9731E-08;0
9.4000E+00;~H+ -> c,S,~H3;2.9148E-08;0
9.4000E+00;~H+ -> ne,E,~X;1.0453E-08;0
9.4000E+00;~H+ -> nm,M,~X;1.0447E-08;0
9.4000E+00;~H+ -> ne,E,~H3;9.9103E-09;0
9.4000E+00;~H+ -> nm,M,~H3;9.9039E-09;0
9.4000E+00;~H+ -> nl,L,~X;8.7959E-09;0
9.4000E+00;~H+ -> nl,L,~H3;8.3083E-09;0
9.4000E+00;~H+ -> ~X,pi+;2.9365E-10;1
9.4000E+00;total;1.7882E-07;-1
9.4500E+00;~H+ -> u,D,~X;3.2201E-08;0
9.4500E+00;~H+ -> c,S,~X;3.1590E-08;0
9.4500E+00;~H+ -> u,D,~H3;3.0537E-08;0
9.4500E+00;~H+ -> c,S,~H3;2.9945E-08;0
9.4500E+00;~H+ -> ne,E,~X;1.0734E-08;0
9.4500E+00;~H+ -> nm,M,~X;1.0727E-08;0
9.4500E+00;~H+ -> ne,E,~H3;1.0179E-08;0
9.4500E+00;~H+ -> nm,M,~H3;1.0172E-08;0
9.4500E+00;~H+ -> nl,L,~X;9.0479E-09;0
9.4500E+00;~H+ -> nl,L,~H3;8.5494E-09;0
9.4500E+00;~H+ -> ~X,pi+;2.9832E-10;1
9.4500E+00;total;1.8368E-07;-1
9.5000E+00;~H+ -> u,D,~X;3.3060E-08;0
9.5000E+00;~H+ -> c,S,~X;3.2439E-08;0
9.5000E+00;~H+ -> u,D,~H3;3.1360E-08;0
9.5000E+00;~H+ -> c,S,~H3;3.0758E-08;0
9.5000E+00;~H+ -> ne,E,~X;1.1020E-08;0
9.5000E+00;~H+ -> nm,M,~X;1.1013E-08;0
9.5000E+00;~H+ -> ne,E,~H3;1.0453E-08;0
9.5000E+00;~H+ -> nm,M,~H3;1.0447E-08;0
9.5000E+00;~H+ -> nl,L,~X;9.3057E-09;0
9.5000E+00;~H+ -> nl,L,~H3;8.7959E-09;0
9.5000E+00;~H+ -> ~X,pi+;3.0304E-10;1
9.5000E+00;total;1.8865E-07;-1
9.5500E+00;~H+ -> u,D,~X;3.3937E-08;0
9.5500E+00;~H+ -> c,S,~X;3.3306E-08;0
9.5500E+00;~H+ -> u,D,~H3;3.2201E-08;0
9.5500E+00;~H+ -> c,S,~H3;3.1590E-08;0
9.5500E+00;~H+ -> ne,E,~X;1.1312E-08;0
9.5500E+00;~H+ -> nm,M,~X;1.1305E-08;0
9.5500E+00;~H+ -> ne,E,~H3;1.0734E-08;0
9.5500E+00;~H+ -> nm,M,~H3;1.0727E-08;0
9.5500E+00;~H+ -> nl,L,~X;9.5692E-09;0
9.5500E+00;~H+ -> nl,L,~H3;9.0480E-09;0
9.5500E+00;~H+ -> ~X,pi+;3.0780E-10;1
9.5500E+00;total;1.9373E-07;-1
9.6000E+00;~H+ -> u,D,~X;3.4832E-08;0
9.6000E+00;~H+ -> c,S,~X;3.4192E-08;0
9.6000E+00;~H+ -> u,D,~H3;3.3060E-08;0
9.6000E+00;~H+ -> c,S,~H3;3.2439E-08;0
9.6000E+00;~H+ -> ne,E,~X;1.1611E-08;0
9.6000E+00;~H+ -> nm,M,~X;1.1604E-08;0
9.6000E+00;~H+ -> ne,E,~H3;1.1020E-08;0
9.6000E+00;~H+ -> nm,M,~H3;1.1013E-08;0
9.6000E+00;~H+ -> nl,L,~X;9.8386E-09;0
9.6000E+00;~H+ -> nl,L,~H3;9.3057E-09;0
9.6000E+00;~H+ -> ~X,pi+;3.1262E-10;1
9.6000E+00;total;1.9891E-07;-1
9.6500E+00;~H+ -> u,D,~X;3.5747E-08;0
9.6500E+00;~H+ -> c,S,~X;3.5096E-08;0
9.6500E+00;~H+ -> u,D,~H3;3.3937E-08;0
9.6500E+00;~H+ -> c,S,~H3;3.3306E-08;0
9.6500E+00;~H+ -> ne,E,~X;1.1916E-08;0
9.6500E+00;~H+ -> nm,M,~X;1.1909E-08;0
9.6500E+00;~H+ -> ne,E,~H3;1.1312E-08;0
9.6500E+00;~H+ -> nm,M,~H3;1.1305E-08;0
9.6500E+00;~H+ -> nl,L,~X;1.0114E-08;0
9.6500E+00;~H+ -> nl,L,~H3;9.5693E-09;0
9.6500E+00;~H+ -> ~X,pi+;3.1748E-10;1
9.6500E+00;total;2.0421E-07;-1
9.7000E+00;~H+ -> u,D,~X;3.6680E-08;0
9.7000E+00;~H+ -> c,S,~X;3.6019E-08;0
9.7000E+00;~H+ -> u,D,~H3;3.4833E-08;0
9.7000E+00;~H+ -> c,S,~H3;3.4192E-08;0
9.7000E+00;~H+ -> ne,E,~X;1.2227E-08;0
9.7000E+00;~H+ -> nm,M,~X;1.2220E-08;0
9.7000E+00;~H+ -> ne,E,~H3;1.1611E-08;0
9.7000E+00;~H+ -> nm,M,~H3;1.1604E-08;0
9.7000E+00;~H+ -> nl,L,~X;1.0395E-08;0
9.7000E+00;~H+ -> nl,L,~H3;9.8386E-09;0
9.7000E+00;~H+ -> ~X,pi+;3.2240E-10;1
9.7000E+00;total;2.0962E-07;-1
9.7500E+00;~H+ -> u,D,~X;3.7633E-08;0
9.7500E+00;~H+ -> c,S,~X;3.6962E-08;0
9.7500E+00;~H+ -> u,D,~H3;3.5747E-08;0
9.7500E+00;~H+ -> c,S,~H3;3.5096E-08;0
9.7500E+00;~H+ -> ne,E,~X;1.2545E-08;0
9.7500E+00;~H+ -> nm,M,~X;1.2537E-08;0
9.7500E+00;~H+ -> ne,E,~H3;1.1916E-08;0
9.7500E+00;~H+ -> nm,M,~H3;1.1909E-08;0
9.7500E+00;~H+ -> nl,L,~X;1.0683E-08;0
9.7500E+00;~H+ -> nl,L,~H3;1.0114E-08;0
9.7500E+00;~H+ -> ~X,pi+;3.2736E-10;1
9.7500E+00;total;2.1514E-07;-1
9.8000E+00;~H+ -> u,D,~X;3.8606E-08;0
9.8000E+00;~H+ -> c,S,~X;3.7924E-08;0
9.8000E+00;~H+ -> u,D,~H3;3.6681E-08;0
9.8000E+00;~H+ -> c,S,~H3;3.6019E-08;0
9.8000E+00;~H+ -> ne,E,~X;1.2869E-08;0
9.8000E+00;~H+ -> nm,M,~X;1.2861E-08;0
9.8000E+00;~H+ -> ne,E,~H3;1.2227E-08;0
9.8000E+00;~H+ -> nm,M,~H3;1.2220E-08;0
9.8000E+00;~H+ -> nl,L,~X;1.0977E-08;0
9.8000E+00;~H+ -> nl,L,~H3;1.0395E-08;0
9.8000E+00;~H+ -> ~X,pi+;3.3237E-10;1
9.8000E+00;total;2.2078E-07;-1
9.8500E+00;~H+ -> u,D,~X;3.9599E-08;0
9.8500E+00;~H+ -> c,S,~X;3.8906E-08;0
9.8500E+00;~H+ -> u,D,~H3;3.7634E-08;0
9.8500E+00;~H+ -> c,S,~H3;3.6962E-08;0
9.8500E+00;~H+ -> ne,E,~X;1.3200E-08;0
9.8500E+00;~H+ -> nm,M,~X;1.3192E-08;0
9.8500E+00;~H+ -> ne,E,~H3;1.2545E-08;0
9.8500E+00;~H+ -> nm,M,~H3;1.2537E-08;0
9.8500E+00;~H+ -> nl,L,~X;1.1277E-08;0
9.8500E+00;~H+ -> nl,L,~H3;1.0683E-08;0
9.8500E+00;~H+ -> ~X,pi+;3.3744E-10;1
9.8500E+00;total;2.2653E-07;-1
9.9000E+00;~H+ -> u,D,~X;4.0612E-08;0
9.9000E+00;~H+ -> c,S,~X;3.9908E-08;0
9.9000E+00;~H+ -> u,D,~H3;3.8606E-08;0
9.9000E+00;~H+ -> c,S,~H3;3.7924E-08;0
9.9000E+00;~H+ -> ne,E,~X;1.3537E-08;0
9.9000E+00;~H+ -> nm,M,~X;1.3530E-08;0
9.9000E+00;~H+ -> ne,E,~H3;1.2869E-08;0
9.9000E+00;~H+ -> nm,M,~H3;1.2861E-08;0
9.9000E+00;~H+ -> nl,L,~X;1.1583E-08;0
9.9000E+00;~H+ -> nl,L,~H3;1.0977E-08;0
9.9000E+00;~H+ -> ~X,pi+;3.4255E-10;1
9.9000E+00;total;2.3241E-07;-1
9.9500E+00;~H+ -> u,D,~X;4.1645E-08;0
9.9500E+00;~H+ -> c,S,~X;4.0931E-08;0
9.9500E+00;~H+ -> u,D,~H3;3.9599E-08;0
9.9500E+00;~H+ -> c,S,~H3;3.8906E-08;0
9.9500E+00;~H+ -> ne,E,~X;1.3882E-08;0
9.9500E+00;~H+ -> nm,M,~X;1.3874E-08;0
9.9500E+00;~H+ -> ne,E,~H3;1.3200E-08;0
9.9500E+00;~H+ -> nm,M,~H3;1.3192E-08;0
9.9500E+00;~H+ -> nl,L,~X;1.1896E-08;0
9.9500E+00;~H+ -> nl,L,~H3;1.1277E-08;0
9.9500E+00;~H+ -> ~X,pi+;3.4772E-10;1
9.9500E+00;total;2.3840E-07;-1
